authority_id,name,code,hectares,multiple,income,employment,education,health,crime,housing,environment,idaci,idaopi,education,adultskills,services,wider,indoors,outdoors,population,dependent_children,working_age,sixteen_fiftynine,over_sixty
1,Barking and Dagenham,E09000002,3779.934,2.600,2.491,3.227,3.645,3.909,2.055,1.673,3.855,2.500,2.664,4.700,2.900,7.955,1.064,4.273,2.936,201979,54912,126143,120507,25898
2,Barnet,E09000003,8674.837,5.915,5.521,6.569,7.976,7.948,3.905,2.867,4.502,5.682,4.962,7.739,7.810,6.872,1.777,5.976,2.455,379691,80144,243292,230065,67645
3,Barnsley,E08000016,32907.763,3.932,4.102,3.272,3.374,2.673,4.918,8.687,7.259,4.190,4.823,3.551,3.306,5.871,8.748,8.027,4.816,239319,44065,147697,136419,57350
4,Bath and NE Somerset,E06000022,35112.321,7.400,7.017,7.183,6.939,7.313,7.070,6.504,6.478,7.026,6.922,6.530,7.217,5.017,6.470,5.417,7.852,184874,30628,117335,109496,43566
5,Bedford,E06000055,47640.838,5.816,5.612,5.631,5.573,6.282,6.107,4.602,5.932,5.466,6.301,5.427,5.728,4.796,4.641,5.942,5.194,166252,33595,102347,95399,36318
6,Bexley,E09000004,6428.649,6.493,5.966,6.205,5.390,7.808,5.288,4.849,6.548,5.377,6.575,6.678,4.267,6.062,3.349,6.308,5.616,242142,49770,149972,140753,50178
7,Birmingham,E08000025,26779.121,3.005,3.297,3.341,4.152,3.424,3.773,2.426,2.640,3.584,3.160,5.045,3.776,6.681,1.786,3.099,2.357,1111307,254114,703709,666017,185880
8,Blackburn with Darwen,E06000008,13702.199,3.593,3.945,3.593,3.857,2.495,3.648,8.308,3.890,4.604,4.044,4.758,3.429,6.989,6.868,3.978,4.176,146846,34141,90498,84569,27431
9,Blackpool,E06000009,4315.074,2.745,3.064,2.766,3.351,1.638,2.862,9.309,2.947,3.266,3.255,3.766,3.000,7.766,7.766,2.500,4.681,139578,25364,84163,77900,35308
10,Bolton,E08000001,13979.21,4.508,4.503,4.136,4.847,3.350,4.729,6.401,4.774,4.938,4.576,5.610,4.395,6.486,5.079,4.932,4.277,281619,58986,172356,160558,60571
11,Bournemouth,E06000028,4716.808,5.191,5.191,5.282,5.273,5.382,4.391,5.882,4.236,5.127,4.664,4.500,6.182,6.282,4.255,4.645,3.318,194516,31248,126463,119005,43117
12,Bracknell Forest,E06000036,10938.421,7.813,7.347,7.800,6.200,7.907,7.440,4.640,9.373,7.040,6.880,5.707,6.533,3.493,5.853,8.480,9.520,118982,24851,76701,71988,21593
13,Bradford,E08000032,36641.986,3.884,4.184,4.081,4.035,3.361,3.610,6.345,3.394,4.590,4.145,4.435,3.794,6.458,5.045,3.300,3.865,531176,125352,324912,303954,99230
14,Brent,E09000005,4323.27,4.017,3.879,5.000,5.925,6.422,2.994,1.682,3.647,3.780,2.821,6.243,5.607,7.711,1.104,5.572,1.601,324012,67718,217163,205992,48975
15,Brighton and Hove,E06000043,8537.682,4.964,5.291,5.491,5.982,4.636,5.164,4.127,3.824,5.467,4.321,5.036,7.315,7.800,2.267,4.533,2.709,285276,45679,199287,189855,48543
16,Bristol,E06000023,23533.937,4.525,5.042,5.008,4.867,4.460,3.517,5.722,3.646,4.951,4.696,4.270,5.840,7.179,3.578,4.046,2.897,449328,83751,302718,287688,75972
17,Bromley,E09000006,15013.487,6.832,6.538,6.898,7.305,7.990,4.589,4.406,6.355,6.239,6.868,7.497,6.904,5.792,3.416,6.944,4.244,324857,64585,200288,187523,70825
18,Buckinghamshire,E10000002,156494.916,8.072,7.724,8.028,7.229,9.003,6.918,5.382,8.172,7.705,7.621,6.843,7.433,4.022,6.646,7.799,7.671,528400,107326,319549,296267,121501
19,Bury,E08000002,9946.009,5.467,5.242,4.717,6.208,4.275,5.483,7.750,5.083,5.717,5.417,6.658,5.567,6.592,6.508,5.383,4.167,187884,38059,114457,106365,42325
20,Calderdale,E08000033,36396.104,4.852,4.953,4.633,5.625,4.367,4.813,7.617,3.203,5.109,5.398,5.945,5.203,5.680,7.383,2.773,5.367,208402,40715,128136,118641,47878
21,Cambridgeshire,E10000003,305400.769,7.109,7.056,7.141,6.187,7.515,7.352,4.888,6.509,6.824,7.107,5.520,6.845,4.104,5.755,6.000,6.877,647238,118357,405725,377757,147415
22,Camden,E09000007,2178.932,4.511,4.594,5.383,7.241,5.534,3.556,5.008,1.699,4.098,3.677,6.135,8.241,9.000,2.376,3.165,1.015,241059,41796,169323,161884,36475
23,Central Bedfordshire,E06000056,71566.521,7.548,7.019,7.395,5.943,8.153,6.331,6.401,7.962,6.650,7.236,5.503,6.306,4.331,7.490,6.930,8.363,274022,53324,170579,158356,60693
24,Cheshire East,E06000049,116635.737,7.145,7.201,6.880,7.205,6.402,7.103,6.667,5.923,7.274,7.376,6.966,7.205,4.030,8.774,5.714,5.594,375392,66181,222198,204012,102395
25,Cheshire West and Chester,E06000050,94120.736,6.264,6.264,5.755,6.203,5.330,6.316,7.057,6.321,6.255,6.514,5.972,6.340,4.731,8.208,5.962,5.962,333917,58570,202294,186278,86718
26,City of London,E09000001,314.942,6.667,8.167,8.167,8.833,7.333,9.333,2.333,1.833,7.833,7.667,8.500,9.167,7.000,1.500,2.667,1.167,8760,995,6309,5913,1815
27,Cornwall,E06000052,361335.741,4.380,4.905,4.702,5.589,5.052,6.899,3.844,2.494,5.377,5.322,5.074,5.960,3.684,4.739,1.779,9.589,549404,92792,317036,287700,164755
28,Coventry,E08000026,9863.907,4.385,4.554,4.790,4.795,3.677,4.046,5.097,3.667,4.626,4.123,5.031,4.631,6.826,3.482,3.631,3.738,345385,67767,225564,213793,62067
29,Croydon,E09000008,8649.441,4.841,4.795,5.291,6.209,6.050,3.177,2.714,4.791,4.564,5.100,6.241,6.041,6.627,1.923,5.477,3.259,379031,83566,242992,228683,65037
30,Cumbria,E10000006,718247.316,5.349,6.215,5.511,5.231,4.629,7.112,6.181,4.480,6.489,6.564,4.944,5.464,4.486,8.174,3.377,9.321,497996,81703,294283,267974,144543
31,Darlington,E06000005,19747.56,5.108,4.831,4.323,5.354,3.708,4.554,8.231,7.708,5.077,5.215,5.569,5.046,6.092,8.354,7.477,6.508,105389,20060,63614,58764,25863
32,Derby,E06000015,7803.111,4.768,4.881,4.695,4.834,4.152,4.437,6.192,4.258,4.815,4.881,4.629,5.079,5.960,5.285,4.702,3.278,254251,52845,158389,149026,50929
33,Derbyshire,E10000007,255076.235,5.916,5.876,5.369,5.314,5.377,6.780,7.014,6.037,5.919,6.204,5.391,5.122,4.831,7.682,5.430,6.788,782365,134727,475125,436202,206273
34,Devon,E10000008,663609.856,6.002,6.204,6.090,5.991,6.565,7.335,5.341,4.256,6.462,6.392,5.547,6.271,4.013,6.998,3.230,9.372,773077,125792,447228,406485,234652
35,Doncaster,E08000017,56855.102,4.062,4.263,3.655,3.820,3.371,3.902,8.052,5.655,4.454,4.907,4.273,3.325,5.716,8.031,7.072,3.139,304813,58044,187121,172954,71878
36,Dorset,E10000009,257297.381,6.803,6.807,6.655,5.727,7.309,7.759,5.004,6.474,6.731,7.325,5.129,6.265,3.731,6.610,5.562,8.518,420585,67228,229736,206916,142611
37,Dudley,E08000027,9795.819,5.299,4.866,4.512,4.647,5.010,6.333,7.502,5.090,5.244,4.930,5.284,4.040,5.831,6.627,4.338,6.318,316464,60420,189336,175149,78601
38,Durham,E06000047,223269.869,4.460,4.330,3.509,4.941,2.846,6.151,6.694,9.028,4.491,4.725,5.506,4.401,4.935,6.852,8.559,8.744,519695,88653,321194,295481,132146
39,Ealing,E09000009,5554.428,4.689,4.531,5.490,6.719,5.719,3.148,2.837,3.673,4.418,3.796,7.102,6.316,7.857,1.546,5.449,1.735,343059,73544,226382,213862,54192
40,East Riding of Yorkshire,E06000011,249479.584,6.714,6.519,6.095,6.057,7.138,7.381,5.667,6.329,6.790,6.795,5.800,6.110,4.152,7.162,5.676,7.162,336685,54917,194397,176195,102808
41,East Sussex,E10000011,172516.861,5.948,5.766,5.617,5.258,6.277,7.040,5.204,6.240,5.778,6.371,4.757,5.745,4.307,5.933,5.574,7.337,544064,93096,308234,280608,165912
42,Enfield,E09000010,8220.025,4.240,3.623,4.568,5.404,6.699,3.131,2.683,4.317,3.492,3.902,6.098,4.721,7.279,1.732,4.902,3.158,328433,74791,209083,197900,54305
43,Essex,E10000012,369530.887,6.234,6.037,6.123,4.900,6.882,5.854,5.253,7.258,5.865,6.415,5.139,4.655,4.485,5.603,6.724,7.185,1443151,268343,867150,801280,363771
44,Gateshead,E08000037,14407.989,4.643,4.294,3.810,4.730,2.913,6.611,6.365,8.484,4.690,4.119,5.198,4.397,5.913,5.254,8.413,6.960,200996,35154,125359,116430,48095
45,Gloucestershire,E10000013,270452.825,6.783,6.563,6.638,6.185,6.928,6.890,5.887,6.137,6.442,6.775,5.901,6.370,4.142,7.386,5.083,8.005,617162,109933,373104,343143,160101
46,Greenwich,E09000011,5044.19,4.238,3.874,4.570,5.868,4.934,3.040,3.583,4.298,3.623,3.404,6.073,5.728,7.576,2.020,5.497,2.503,274803,60063,184212,175967,37768
47,Hackney,E09000012,1904.902,2.493,2.785,3.674,5.757,3.424,2.250,1.715,1.819,2.535,1.313,5.326,6.208,9.549,1.069,4.132,1.000,269009,55678,192534,186046,26619
48,Halton,E06000006,9032.148,3.886,4.241,3.456,4.392,2.506,4.329,6.190,5.608,4.203,4.684,5.380,3.646,4.785,6.405,6.177,4.051,126528,25195,78162,71976,28662
49,Hammersmith and Fulham,E09000013,1715.409,4.504,4.619,5.496,7.752,4.602,3.558,4.292,1.796,4.062,3.204,6.602,8.681,9.274,1.912,3.469,1.018,179410,31304,128375,123047,24461
50,Hampshire,E10000014,373790.599,7.588,7.376,7.490,6.392,7.607,7.079,5.722,7.435,7.172,7.563,5.822,6.865,3.845,7.431,7.410,6.519,1353043,249309,808358,745877,348588
51,Haringey,E09000014,2959.837,3.566,3.655,4.441,5.821,5.069,2.352,2.366,2.317,3.600,2.517,5.531,6.124,8.683,1.372,3.993,1.193,272864,54591,191177,183114,34246
52,Harrow,E09000015,5046.33,6.745,5.555,6.803,7.752,8.321,4.949,4.095,6.292,5.569,4.613,8.175,7.073,6.460,2.745,6.920,4.080,247130,50779,157074,147062,47972
53,Hartlepool,E06000001,9844.17,3.948,3.655,3.017,4.483,2.655,5.190,8.086,8.310,4.017,3.931,4.931,3.966,5.983,7.897,8.379,6.603,92493,17586,56551,52222,22102
54,Havering,E09000016,11445.735,6.000,5.640,5.840,4.607,6.853,4.227,5.853,6.907,5.127,6.273,5.573,3.807,6.213,4.160,6.827,5.447,249085,48120,152615,142256,57089
55,Herefordshire,E06000019,217970.958,5.276,6.138,6.328,5.621,6.759,7.422,2.931,3.681,6.543,6.250,5.431,5.603,3.103,4.629,2.802,9.267,188099,31725,109972,99965,54959
56,Hertfordshire,E10000015,164306.486,7.358,6.803,7.141,6.675,7.800,7.110,5.283,7.536,6.639,6.857,6.720,6.514,4.887,5.174,7.230,6.662,1166339,236077,724928,678139,245481
57,Hillingdon,E09000017,11570.063,5.857,5.398,6.298,6.000,6.453,3.894,4.739,6.081,4.919,5.422,6.298,5.484,6.087,3.304,6.789,4.155,297735,63531,193001,182816,49925
58,Hounslow,E09000018,5658.541,4.634,4.838,6.000,6.373,6.176,3.289,1.866,3.965,4.444,4.162,6.486,6.070,6.873,1.204,5.577,1.986,268770,56725,179564,170284,40725
59,Isle of Wight,E06000046,39492.895,4.584,4.584,3.989,3.899,5.022,6.921,6.225,4.112,4.910,5.472,3.022,5.169,4.820,6.124,3.292,6.910,139395,22109,78279,70522,45585
60,Islington,E09000019,1485.664,2.935,3.146,3.935,6.260,3.488,2.089,2.837,1.813,2.350,1.935,5.065,7.593,9.415,1.341,4.276,1.000,227692,36259,170158,164154,26640
61,Kensington and Chelsea,E09000020,1238.379,4.786,6.010,6.524,8.544,7.252,3.757,2.650,1.233,6.243,4.816,7.748,8.932,9.184,1.311,2.689,1.000,157711,25839,107756,101811,29381
62,Kent,E10000016,363955.258,5.956,5.830,5.869,5.373,6.705,5.081,5.380,6.405,5.690,6.269,5.414,5.276,4.629,5.762,6.132,6.239,1524719,291901,915530,847456,375625
63,Kingston upon Hull,E06000010,8149.757,2.928,3.265,3.157,2.916,3.205,2.735,4.886,3.151,3.428,3.247,3.163,2.855,6.108,3.645,4.807,1.633,258995,49970,168373,158029,49638
64,Kingston upon Thames,E09000021,3726.117,7.684,7.153,8.214,8.224,8.918,6.255,5.010,4.204,6.673,6.643,8.133,8.092,6.520,3.357,5.276,2.622,173525,33950,115126,109081,29778
65,Kirklees,E08000034,40855.166,4.927,5.077,4.734,5.050,4.776,5.042,5.884,3.714,5.367,5.328,5.587,4.703,5.734,4.869,3.521,4.313,434321,87991,268491,250128,93768
66,Knowsley,E08000011,8650.007,2.745,2.918,2.480,3.061,1.643,4.959,6.612,4.959,3.347,2.663,3.806,2.582,5.582,6.051,4.837,4.612,147231,28769,92181,85226,32260
67,Lambeth,E09000022,2724.94,3.489,3.708,4.601,6.949,4.612,1.803,3.045,1.865,2.961,2.292,5.972,7.787,8.713,1.545,3.618,1.034,324431,57085,240210,231896,34554
68,Lancashire,E10000017,308300.799,5.426,5.586,5.132,5.854,3.849,5.663,7.624,4.831,5.933,5.475,5.974,5.573,5.690,7.940,4.312,5.933,1191691,217689,722665,667417,298636
69,Leeds,E08000035,55170.639,4.938,5.338,5.185,5.185,4.093,4.448,5.944,3.863,5.334,4.975,5.172,5.326,6.052,4.950,3.956,3.610,774060,145903,501819,472891,150968
70,Leicester City,E06000016,7334.215,3.297,3.443,3.786,3.323,3.615,3.599,6.547,3.229,3.781,2.740,4.531,3.099,7.375,4.292,4.563,1.781,342627,73697,226108,213733,53826
71,Leicestershire,E10000018,208378.684,7.313,7.005,7.045,5.914,7.497,6.290,6.768,7.144,6.957,7.033,5.765,5.876,4.672,7.697,6.513,7.422,675309,119643,414183,382394,168973
72,Lewisham,E09000023,3531.706,3.556,3.432,4.095,6.130,4.592,2.533,2.858,2.621,3.018,3.189,5.509,6.763,8.189,1.473,4.036,1.432,297325,61393,206370,198048,36913
73,Lincolnshire,E10000019,610276.872,5.531,5.567,5.260,5.007,5.071,7.226,5.312,5.729,5.488,5.979,5.333,4.702,3.876,7.464,5.288,6.550,736665,125211,434193,396983,209073
74,Liverpool,E08000012,13353.38,2.862,3.248,2.916,3.956,1.805,3.866,7.581,2.973,3.362,2.705,4.383,3.913,7.091,5.685,3.470,2.651,478580,80830,323183,304052,91062
75,Luton,E06000032,4335.251,4.174,4.314,4.860,4.347,4.421,3.306,2.694,5.008,4.223,4.372,5.124,3.793,6.554,2.017,5.760,3.496,214710,50635,136662,129681,33350
76,Manchester,E08000003,11564.826,2.592,3.443,3.720,4.014,1.596,2.550,4.248,3.195,3.390,2.227,3.957,4.454,7.599,2.411,4.156,2.128,530292,106078,371040,356397,66091
77,Medway,E06000035,26906.393,5.196,5.037,5.000,4.307,5.632,4.387,6.436,5.798,4.779,5.687,4.730,3.951,6.313,5.055,6.006,4.558,276492,56049,175269,164054,54992
78,Merton,E09000024,3762.466,6.734,6.298,7.145,7.427,7.669,4.645,5.952,3.871,5.984,5.444,7.500,7.202,7.556,3.476,4.847,2.339,204565,42093,135880,129034,32573
79,Middlesbrough,E06000002,5455.357,3.442,3.465,3.081,3.674,2.372,3.488,6.337,7.407,3.663,3.814,4.012,3.512,6.047,5.360,8.070,4.977,139509,28635,87407,81409,28681
80,Milton Keynes,E06000042,30862.673,6.145,5.526,6.171,6.039,5.789,5.329,4.211,9.125,5.230,5.539,6.105,5.750,4.289,4.401,8.829,8.178,261762,59766,165957,155277,45704
81,Newcastle upon Tyne,E08000021,11511.782,4.714,4.709,4.600,4.823,3.120,5.646,6.309,7.154,4.634,3.926,4.846,4.926,6.429,5.040,7.651,4.977,292883,50678,197784,187078,53674
82,Newham,E09000025,3857.806,2.799,3.000,4.183,4.695,4.360,1.951,1.183,2.805,2.909,1.470,5.500,4.116,8.994,1.012,4.726,1.256,332817,75692,231900,223603,32743
83,Norfolk,E10000020,550829.042,5.361,5.626,5.279,4.175,5.673,7.517,4.827,5.563,5.697,6.000,3.898,4.541,3.699,6.695,4.764,7.935,884978,148638,515921,472227,257160
84,North East Lincolnshire,E06000012,20355.412,4.377,4.387,4.245,3.943,4.623,3.953,7.066,4.443,4.538,4.632,4.264,3.519,6.189,6.208,5.585,2.623,159570,30441,96178,88830,39256
85,North Lincolnshire,E06000013,87568.475,5.485,5.188,4.822,4.772,5.030,5.752,7.198,6.515,5.366,5.624,5.238,4.277,5.040,8.099,7.297,4.624,169820,31474,102154,93623,43589
86,North Somerset,E06000024,39080.451,6.941,6.437,6.222,6.415,6.437,6.963,6.274,7.541,6.452,6.778,5.948,6.689,4.385,7.370,6.800,7.637,209944,37932,120562,110360,60039
87,North Tyneside,E08000022,8481.918,5.527,5.015,4.511,5.618,3.672,7.763,7.328,8.038,5.588,4.748,5.649,5.519,5.931,6.557,8.244,5.939,202494,35938,124971,115015,50226
88,North Yorkshire,E10000023,805294.068,6.823,7.118,6.957,6.432,7.204,8.123,5.290,5.316,7.249,7.188,6.029,6.635,3.973,7.147,4.424,8.019,602277,102270,351501,319772,175424
89,Northamptonshire,E10000021,236699.028,6.021,6.095,6.102,4.974,5.936,5.616,5.145,6.673,5.964,6.197,4.960,4.981,4.467,5.995,5.870,7.573,723026,145349,444406,412286,161465
90,Northumberland,E06000057,507818.004,5.650,5.751,5.051,5.569,5.025,8.010,5.142,7.975,5.939,6.386,5.274,5.675,3.782,7.005,7.431,8.909,315263,52064,185955,168251,92600
91,Nottingham,E06000018,7461.352,2.808,3.368,3.352,3.214,2.555,2.945,4.220,3.412,2.907,3.225,3.165,3.577,6.841,2.714,4.830,1.813,318901,59198,220137,209924,48518
92,Nottinghamshire,E10000024,208689.497,5.920,5.815,5.167,5.366,5.479,6.239,7.183,6.425,5.857,6.292,5.586,5.056,5.066,7.738,6.467,5.384,805848,144520,490386,451793,204292
93,Oldham,E08000004,14234.507,4.298,4.333,3.837,4.199,3.213,4.135,8.411,5.284,4.518,4.546,5.106,3.596,7.121,6.965,5.702,3.936,230823,52136,140044,130659,46877
94,Oxfordshire,E10000025,260594.765,7.690,7.587,8.010,6.531,7.983,7.364,5.233,6.963,7.187,7.661,5.752,7.290,4.182,6.536,6.501,7.037,677810,126268,426189,398562,148945
95,Peterborough,E06000031,34343.798,4.295,4.420,4.384,4.054,3.938,4.464,4.214,6.214,4.384,4.768,4.188,4.009,4.857,4.107,7.214,3.732,193980,43163,121227,113751,36074
96,Plymouth,E06000026,8436.268,4.578,4.944,4.509,4.882,3.230,4.907,5.857,4.609,4.807,5.168,4.354,5.416,6.130,4.720,3.882,6.602,262712,46323,167410,156709,58090
97,Poole,E06000029,7471.614,6.613,6.215,6.581,5.677,6.269,6.473,5.624,6.849,5.989,6.226,5.398,5.935,4.409,5.871,6.796,5.602,150577,26454,89280,82357,40646
98,Portsmouth,E06000044,6014.447,4.304,4.928,5.520,3.872,4.400,4.336,4.896,2.016,4.496,4.896,3.120,5.208,7.896,2.776,2.928,1.512,211758,39310,141144,134041,37381
99,Reading,E06000038,4039.798,5.536,5.443,6.144,5.567,6.546,4.928,4.515,4.536,5.206,4.557,4.825,6.598,6.093,3.340,5.196,3.103,161739,33191,107978,102945,24958
100,Redbridge,E09000026,5644.225,5.248,4.832,5.783,7.006,6.950,3.224,3.248,4.602,5.168,4.155,7.460,6.280,7.373,1.950,5.957,2.534,296793,67546,190635,180251,47776
101,Redcar and Cleveland,E06000003,25389.087,4.568,4.352,3.557,4.648,3.023,5.420,7.977,8.636,4.466,4.989,4.761,4.602,5.114,8.943,8.045,8.364,135275,24201,80193,73538,36548
102,Richmond upon Thames,E09000027,5876.111,7.991,7.843,8.339,9.148,9.287,5.087,5.878,3.643,7.930,7.313,8.687,9.339,7.200,3.383,5.374,1.757,194730,40358,123639,116116,37344
103,Rochdale,E08000005,15812.803,3.709,3.881,3.418,4.209,2.575,3.425,5.746,5.754,4.216,4.216,4.910,3.575,6.097,4.664,5.396,5.575,214195,45216,132441,123041,44814
104,Rotherham,E08000018,28653.431,4.389,4.395,3.701,3.928,3.281,4.605,7.665,7.126,4.647,4.760,4.383,3.467,5.563,7.156,7.994,4.443,260786,49996,158190,146201,62922
105,Rutland,E06000017,39374.897,8.000,8.174,8.304,7.609,8.391,8.043,4.130,6.304,8.043,8.478,6.870,7.783,2.652,7.217,4.522,9.870,38046,6499,21963,20042,11191
106,Salford,E08000006,9719.732,3.733,3.993,3.760,4.360,2.300,4.493,6.187,4.753,4.080,3.760,4.847,4.047,6.753,4.427,5.287,3.480,245614,48525,159171,150373,45436
107,Sandwell,E08000028,8555.891,2.941,2.855,2.914,3.027,2.946,4.108,4.645,3.398,3.204,2.726,4.392,2.247,7.242,2.785,3.586,3.118,319455,70685,197320,185364,61631
108,Sefton,E08000014,20477.967,4.921,4.672,3.958,5.730,3.270,6.069,8.926,5.063,5.312,4.720,6.312,5.127,6.587,8.423,4.550,6.005,273707,46913,161605,147714,76856
109,Sheffield,E08000019,36793.009,4.786,5.070,4.907,4.641,4.145,4.672,5.096,5.623,5.307,4.545,4.377,5.133,6.487,3.962,5.925,4.310,569737,103346,369318,348243,114867
110,Shropshire,E06000051,319727.55,5.959,6.311,6.254,5.813,6.617,7.767,5.212,4.539,6.731,6.249,5.539,5.964,3.751,7.373,3.446,9.383,311380,51755,182837,166396,90941
111,Slough,E06000039,3254.201,4.575,4.600,5.500,4.838,5.625,2.825,3.388,4.488,4.700,3.775,5.413,4.425,5.938,2.325,6.338,2.163,145734,37039,93700,88930,19289
112,Solihull,E08000029,17828.205,6.694,6.366,6.276,6.567,7.052,5.381,5.455,6.896,6.448,6.582,7.067,6.075,4.821,5.522,6.590,6.142,210445,40152,124001,114578,54317
113,Somerset,E10000027,351392.025,5.890,6.171,5.982,5.398,6.352,6.936,4.615,4.957,6.263,6.578,4.994,5.792,3.924,5.709,3.801,8.844,545390,95797,314258,285573,159956
114,South Gloucestershire,E06000025,53664.531,7.600,7.218,7.255,5.800,8.406,6.655,6.576,7.655,6.697,7.455,5.230,6.327,4.727,6.830,7.206,7.188,274661,51018,170340,158773,63102
115,South Tyneside,E08000023,6710.839,3.745,3.412,2.922,4.569,2.373,6.510,5.363,8.657,3.892,3.559,5.010,4.078,6.108,3.990,9.039,6.039,148671,25819,91911,84534,37404
116,Southampton,E06000045,5638.515,4.176,4.953,5.331,4.459,3.601,2.946,5.534,2.973,4.378,4.601,4.088,4.878,6.669,3.723,4.277,1.655,249537,44384,170189,161901,42160
117,Southend on Sea,E06000033,6790.098,5.019,4.850,4.850,4.636,5.262,3.860,7.121,4.673,5.084,4.963,5.019,4.252,6.841,5.047,5.430,3.131,178702,34225,108620,100957,42413
118,Southwark,E09000028,2991.34,3.554,3.699,4.536,6.488,4.440,2.331,2.982,2.084,3.114,2.355,5.904,7.060,8.723,1.584,3.994,1.084,308901,57332,225305,217182,33515
119,St Helens,E08000013,13635.876,4.193,4.319,3.387,5.092,2.521,5.294,7.403,5.471,4.571,4.773,5.630,4.529,6.042,6.294,5.622,4.454,177612,32085,107902,99513,44806
120,Staffordshire,E10000028,262331.444,6.360,6.322,5.917,5.491,5.828,6.799,6.634,6.508,6.449,6.360,5.699,5.152,4.606,7.769,5.657,7.369,862562,148794,523922,482051,225949
121,Stockport,E08000007,12604.032,6.184,6.126,5.779,6.516,4.463,4.958,8.384,6.089,6.516,5.968,6.421,6.463,6.068,7.805,5.611,6.116,288733,55183,173906,160763,70824
122,Stockton on Tees,E06000004,20973.097,5.375,5.183,4.533,5.492,3.892,6.408,6.633,8.817,5.225,5.458,5.475,5.308,4.467,7.892,8.858,6.858,194803,38132,120779,111841,43660
123,Stoke on Trent,E06000021,9344.849,3.453,3.893,3.182,2.969,2.459,3.906,6.887,4.799,3.937,4.264,3.497,2.654,6.340,5.384,4.918,4.057,251648,50446,156379,145578,54181
124,Suffolk,E10000029,385357.501,5.891,6.227,6.168,4.635,6.433,6.553,5.204,5.624,6.190,6.485,4.254,5.161,4.036,6.753,4.773,7.574,741895,134030,432281,396204,206157
125,Sunderland,E08000024,13963.011,4.005,3.795,3.162,4.076,2.341,6.346,7.195,8.730,4.249,3.643,4.832,3.470,5.827,6.486,8.968,6.373,277150,48097,174177,160697,66538
126,Surrey,E10000030,167007.319,8.197,7.904,8.190,7.337,8.561,7.003,5.804,6.968,7.608,8.041,6.828,7.656,4.052,7.059,7.773,4.636,1168809,228303,711918,662333,270669
127,Sutton,E09000029,4384.698,6.860,6.397,6.851,7.000,7.182,4.851,5.884,5.579,6.132,6.388,7.496,6.281,6.529,4.058,5.339,5.182,200145,41335,126844,119333,38430
128,Swindon,E06000030,23009.336,6.273,6.045,6.242,4.826,6.083,5.311,6.818,7.106,5.811,6.121,4.583,5.106,4.818,7.197,6.727,6.530,217160,43868,138173,129108,43104
129,Tameside,E08000008,10315.421,3.957,4.241,3.681,4.213,2.496,4.071,8.085,4.773,4.333,4.518,5.305,3.348,6.511,6.716,4.617,4.652,221692,43709,137269,127648,49089
130,Telford and Wrekin,E06000020,29031.346,4.843,4.648,4.537,4.787,3.926,5.444,4.648,8.065,4.713,4.657,4.926,4.472,3.843,5.491,6.926,9.083,171159,34908,106406,98719,36680
131,Thurrock,E06000034,18431.778,5.133,5.082,5.347,3.612,6.796,3.745,5.194,6.337,4.724,5.255,4.571,2.990,5.531,4.296,5.806,6.235,165184,36890,103942,97642,29932
132,Torbay,E06000027,11946.705,4.067,3.798,3.427,4.494,3.461,4.607,7.213,4.629,4.213,4.315,4.393,4.506,5.820,6.101,3.719,7.640,133373,22236,75019,67983,42031
133,Tower Hamlets,E09000030,2157.501,2.799,2.771,4.264,5.479,3.417,2.833,1.681,2.264,1.951,1.479,5.882,5.451,9.174,1.132,4.743,1.257,295236,59264,217003,210620,24707
134,Trafford,E08000009,10604.476,6.906,6.384,6.007,7.565,5.536,6.949,7.790,5.862,6.884,6.007,7.761,7.058,6.355,6.739,5.297,5.993,233288,48371,142842,133288,50199
135,Wakefield,E08000036,33861.969,4.469,4.737,3.900,3.833,3.230,5.038,7.024,6.373,4.794,5.378,4.574,3.282,5.536,6.474,6.603,4.885,333759,62015,205929,190362,79383
136,Walsall,E08000030,10397.35,4.084,3.731,3.719,3.641,3.970,4.737,6.012,5.036,4.078,3.784,4.725,2.862,6.425,4.581,4.407,5.743,276095,58019,166208,154944,61305
137,Waltham Forest,E09000031,3880.793,3.278,3.611,4.368,5.292,5.000,2.188,1.625,2.819,3.396,3.243,5.597,4.903,8.264,1.146,4.007,1.667,271170,59089,182342,173796,37299
138,Wandsworth,E09000032,3522.022,5.777,5.821,7.017,8.274,6.726,3.709,4.570,2.453,5.101,3.860,7.285,9.000,8.492,2.240,4.173,1.190,314544,56101,227137,218894,38573
139,Warrington,E06000007,18238.376,6.055,6.299,5.661,6.134,4.315,5.953,7.094,5.622,6.480,6.126,6.063,6.094,5.016,7.819,6.512,3.614,207695,39523,129107,120031,46907
140,Warwickshire,E10000031,197752.257,6.708,6.661,6.702,6.304,6.440,6.204,5.979,6.006,6.637,6.513,6.209,6.162,4.794,6.392,5.319,6.708,554002,99836,335336,309668,140830
141,West Berkshire,E06000037,70416.943,7.928,7.711,8.021,6.763,9.206,6.443,5.433,7.526,7.351,8.010,6.289,6.938,3.423,7.680,6.454,9.258,156020,31516,94996,87781,35858
142,West Sussex,E10000032,202346.329,6.871,6.743,6.865,5.850,7.057,6.853,5.519,6.937,6.719,7.046,5.345,6.319,4.564,5.851,6.533,6.883,836256,151355,488398,449243,229416
143,Westminster,E09000033,2203.005,4.000,5.055,5.805,7.859,6.086,3.773,2.031,1.258,4.414,4.094,7.180,8.328,9.359,1.094,2.484,1.000,242299,38637,173403,165331,37380
144,Wigan,E08000010,18817.091,4.930,5.020,4.065,4.820,3.295,5.510,7.645,6.990,5.390,5.110,5.260,4.265,5.780,7.050,6.485,6.655,322022,60196,198872,184651,75353
145,Wiltshire,E06000054,325533.806,7.014,7.063,7.151,6.168,7.393,7.211,4.561,6.635,7.021,7.323,5.554,6.730,3.358,6.551,5.337,9.175,486093,92123,289050,265905,124804
146,Windsor and Maidenhead,E06000040,19842.706,8.270,8.011,8.281,7.820,9.045,6.090,6.236,7.067,8.022,7.708,7.393,8.067,4.517,6.854,7.551,5.079,147708,29753,89594,83451,33624
147,Wirral,E08000015,25639.898,4.985,4.777,4.087,6.019,3.228,6.417,8.539,5.214,5.282,4.990,6.136,5.738,6.617,7.772,4.393,6.466,320900,59789,190159,174290,84534
148,Wokingham,E06000041,17896.545,9.283,8.758,9.010,8.384,9.758,8.010,6.212,8.939,8.505,8.848,7.828,8.768,3.293,9.364,8.980,7.192,160409,33275,97864,91075,35109
149,Wolverhampton,E08000031,6943.665,3.475,3.209,2.994,3.778,3.475,4.500,5.127,4.411,3.449,3.380,4.589,3.177,6.551,3.570,4.139,4.563,254406,51972,157237,147172,53724
150,Worcestershire,E10000034,174051.43,6.165,6.324,6.181,5.967,6.448,6.626,4.321,6.019,6.393,6.599,5.997,5.857,3.742,5.690,5.209,7.736,578593,101783,344295,315165,157646
151,York,E06000014,27201.473,7.458,7.342,7.442,6.992,7.183,6.800,6.533,5.733,7.100,6.975,6.500,7.333,5.408,6.008,5.783,4.783,206856,32500,135257,126971,46064