1,51.530437,0.039228
2,51.53875,0.127672
3,51.540477,0.148554
4,51.547433,0.14389
5,51.58531,0.135988
6,51.545635,0.118098
7,51.539218,0.154396
8,51.571474,0.134231
9,51.565704,0.184595
10,51.528216,0.105976
11,51.558289,0.134181
12,51.55627,0.159662
13,51.603201,-0.263223
14,51.562281,-0.200802
15,51.654823,-0.204897
16,51.599994,-0.196759
17,51.644422,-0.161525
18,51.59393,-0.167661
19,51.617878,-0.26672
20,51.613458,-0.153379
21,51.585705,-0.180867
22,51.574684,-0.201852
23,51.601795,-0.244895
24,51.588018,-0.228809
25,51.617289,-0.221389
26,51.618267,-0.173391
27,51.617958,-0.141576
28,51.594744,-0.144734
29,53.550607,-1.481152
30,53.5533,-1.483201
31,53.576931,-1.418574
32,53.533464,-1.372474
33,53.542368,-1.524849
34,53.529363,-1.307019
35,53.575349,-1.382517
36,53.499332,-1.438024
37,53.499332,-1.438024
38,53.553134,-1.478893
39,53.586016,-1.508239
40,53.523292,-1.63105
41,53.558176,-1.438064
42,53.580349,-1.479562
43,53.600532,-1.456209
44,53.544183,-1.311197
45,53.522113,-1.397122
46,53.531319,-1.463734
47,51.38347,-2.358874
48,51.355074,-2.63531
49,51.337912,-2.383381
50,51.415059,-2.502526
51,51.397732,-2.346437
52,51.285663,-2.481837
53,51.377734,-2.379432
54,51.305916,-2.500927
55,51.291822,-2.448044
56,51.402105,-2.458247
57,51.376276,-2.399355
58,51.395865,-2.390084
59,52.13796,-0.468683
60,52.149693,-0.533588
61,52.120236,-0.492186
62,,
63,52.099018,-0.530638
64,51.443876,0.151442
65,51.278708,0.521725
66,51.476252,0.131162
67,51.455996,0.143749
68,51.449862,0.180765
69,51.479249,0.181406
173,53.847389,-1.833781
70,51.473141,0.160638
71,51.278708,0.521725
72,51.473627,0.191117
73,51.500635,0.121743
74,51.278708,0.521725
75,51.278708,0.521725
76,52.441001,-1.82577
77,52.479607,-1.908952
78,52.461611,-1.884065
79,52.438286,-2.003095
80,53.340946,-1.252476
81,52.399306,-1.974393
82,52.490429,-1.878416
83,52.546933,-1.84063
84,52.521318,-1.784094
85,52.417242,-1.889535
86,52.407554,-1.889696
87,52.529324,-1.828613
88,52.404886,-2.01661
89,52.489941,-1.793988
90,52.434054,-1.846161
91,52.503003,-1.932846
92,52.45851,-1.949832
93,52.47634,-1.788535
94,52.435881,-1.89265
95,52.415393,-1.930916
96,52.54427,-1.885487
97,,
98,52.587752,-1.824327
99,52.414553,-1.96715
100,52.535224,-1.875946
101,52.460016,-1.995523
102,52.444089,-1.935901
103,52.495259,-1.776278
509,,
104,,
105,52.460609,-1.786576
106,52.471252,-1.856208
107,52.460106,-1.816653
108,52.449499,-1.864558
109,52.484917,-1.919494
110,52.426264,-1.934941
111,52.562592,-1.823201
112,52.533275,-1.920004
113,52.548768,-1.797766
114,,
115,52.438132,-1.969256
116,52.400994,-1.957952
117,52.401192,-1.957347
118,53.736167,-2.482384
119,53.697079,-2.465988
120,53.72931,-2.524993
121,53.734133,-2.502617
122,53.729509,-2.471546
123,53.869968,-3.032443
124,53.842025,-3.031921
125,53.82054,-3.052346
126,53.828873,-3.01663
127,53.825702,-3.039676
128,53.79938,-2.997606
129,53.849392,-3.033771
130,53.797144,-3.043403
131,53.80855,-3.044856
132,53.596923,-2.432335
133,53.594311,-2.585471
134,53.577651,-2.431134
135,53.584369,-2.379911
136,53.616095,-2.417532
137,53.576422,-2.413731
138,53.551411,-2.396737
139,53.58751,-2.448512
140,53.604577,-2.396782
247,51.492276,-2.576358
141,53.583948,-2.464506
142,53.567298,-2.439053
143,53.544955,-2.42369
144,53.601664,-2.54929
145,53.561495,-2.369129
146,53.605196,-2.438335
147,53.586187,-2.448076
148,53.592902,-2.412218
149,53.549004,-2.520505
150,50.726082,-1.838203
151,50.720738,-1.884538
152,50.751093,-1.841133
153,50.745099,-1.857941
154,50.751873,-1.887773
155,50.745084,-1.878321
156,50.728622,-1.820909
157,50.736417,-1.842717
158,50.728577,-1.784075
159,50.75846,-1.909418
160,50.720516,-1.90229
161,50.750273,-1.877165
162,51.421011,-0.690565
163,51.428696,-0.792724
164,,
165,,
166,51.368001,-0.793712
167,,
168,,
169,,
170,,
171,53.943045,-1.877731
172,53.853123,-1.764133
503,,
1703,52.058223,-0.778292
174,53.777124,-1.736959
175,53.91237,-1.748337
176,53.795984,-1.759398
177,53.793034,-1.754457
178,53.782698,-1.820358
179,53.795984,-1.759398
180,53.813838,-1.739455
181,53.802644,-1.787788
182,53.778568,-1.785134
183,53.815734,-1.817659
184,53.815513,-1.809895
185,53.809466,-1.778025
186,53.778827,-1.710433
187,53.836806,-1.736414
188,53.909672,-1.753057
189,53.868499,-1.90967
190,53.791484,-1.718138
191,53.541609,-2.0919
192,53.790546,-1.755078
193,53.804179,-1.774987
194,53.916433,-1.755021
195,51.405764,-0.760309
196,53.768734,-1.842422
197,53.832402,-1.778923
198,53.913191,-1.937586
199,53.801403,-1.742797
200,53.799833,-1.715504
201,53.790925,-1.850055
202,53.763296,-1.788919
203,53.821499,-1.861393
204,53.827533,-1.75182
205,53.795984,-1.759398
206,51.552135,-0.311191
207,51.557082,-0.227358
208,51.543095,-0.297436
209,51.53868,-0.250506
210,51.533429,-0.232868
211,51.535546,-0.205485
504,50.435208,-4.939694
212,51.586016,-0.276523
213,51.554739,-0.250609
214,51.569426,-0.299386
215,51.554113,-0.268341
216,51.566558,-0.273643
217,51.558605,-0.28016
218,51.546773,-0.228923
219,50.863912,-0.113048
220,50.845024,-0.19539
221,50.860298,-0.130134
222,50.828461,-0.176753
223,50.824997,-0.13885
224,50.851192,-0.225904
225,50.844755,-0.116884
226,50.864006,-0.14472
227,50.838035,-0.205227
228,50.806289,-0.058668
229,50.801792,-0.041981
230,50.86004,-0.161759
231,50.825424,-0.107174
232,50.835707,-0.079742
233,51.499301,-2.695368
234,51.444071,-2.593841
235,51.472747,-2.59115
236,51.423693,-2.614941
237,51.451667,-2.6025
238,51.467551,-2.591808
239,51.454128,-2.621831
240,51.46273,-2.553355
241,51.424779,-2.585997
242,,
243,51.404483,-2.599999
244,51.507985,-2.623097
245,51.481588,-2.612343
246,,
505,,
248,51.461324,-2.56207
249,51.434425,-2.568009
250,51.501437,-2.659078
251,51.490211,-2.561849
252,51.432925,-2.597186
253,51.465438,-2.610759
254,51.491708,-2.648215
255,51.486925,-2.675586
256,51.501512,-2.606335
257,51.459892,-2.544705
258,51.464768,-2.582065
259,51.412953,-2.547445
260,51.45849,-2.5766
261,51.49176,-2.622073
262,51.414789,-2.572015
263,51.43851,-2.551686
264,,
265,51.408813,-0.040241
266,51.312173,0.037114
267,51.40355,0.015178
268,51.420345,0.020092
269,51.420998,0.063661
270,51.378592,0.017665
271,51.437026,0.044285
272,51.377301,0.101904
273,51.413899,-0.051084
274,51.389474,0.06923
275,51.3995,-0.007328
276,51.39045,0.05328
277,51.405048,0.099668
278,51.373321,-0.006359
279,51.675718,-0.603731
280,51.812845,-0.80889
281,51.812845,-0.80889
282,51.835293,-0.631589
283,51.613054,-0.651515
284,51.578937,-0.710913
285,51.99991,-0.985808
286,51.531307,-0.655681
287,,
288,51.632037,-0.570104
289,51.607925,-0.555593
290,51.706944,-0.613166
291,51.554371,-0.61281
292,51.600593,-0.712843
293,51.587998,-0.550951
294,51.703342,-0.707076
295,51.773353,-0.926807
296,51.77334,-0.925965
297,51.628611,-0.748229
298,51.537741,-0.520044
299,51.666259,-0.566417
300,51.773964,-0.991977
301,51.57112,-0.773275
302,51.627483,-0.714229
303,51.722154,-0.83165
304,51.935133,-0.976649
305,51.653682,-0.875407
306,51.82788,-0.837965
307,51.762362,-0.743051
308,51.644406,-0.803462
309,51.896881,-0.715126
310,52.188067,-2.521403
311,53.588261,-2.355726
312,53.612607,-2.31874
313,53.575436,-2.296064
314,53.593974,-2.302676
315,53.567312,-2.347678
316,53.569785,-2.30372
317,53.607326,-2.295382
318,,
319,53.532937,-2.284303
320,53.553757,-2.317045
321,53.649355,-2.320762
322,,
323,51.499509,-0.103458
324,53.597243,-2.268482
325,53.612878,-2.34063
326,53.561996,-2.284347
327,53.547187,-2.295668
328,53.73755,-1.867084
329,53.72036,-1.779035
330,53.74757,-1.884113
331,53.713372,-1.798737
332,53.684619,-1.837929
333,53.687786,-1.877393
334,53.725163,-1.85971
335,53.741144,-2.012018
336,53.725736,-1.81141
337,53.714564,-1.882203
338,53.750179,-1.90755
339,53.725218,-1.989066
340,53.739884,-1.829995
341,53.68961,-1.793582
342,53.67585,-1.940138
343,53.747359,-1.82061
344,53.703636,-1.863222
345,53.710028,-1.832064
346,53.710788,-1.916293
347,53.672122,-1.881807
348,53.700699,-2.106981
349,53.69349,-2.104225
350,52.226149,0.1272
351,52.254068,0.021138
352,52.210089,0.16313
353,52.078094,-0.055627
354,52.230795,0.2509
355,52.292631,-0.246222
356,52.27492,0.327247
357,52.219283,-0.06581
358,52.204739,0.120523
359,52.457804,0.048789
360,52.457804,0.048789
361,52.185775,0.172899
362,52.185417,0.020556
363,52.289235,0.127792
364,52.39975,0.266471
365,52.182114,0.217914
366,52.153366,-0.189896
367,52.146436,0.134962
368,52.359197,0.148614
369,52.253162,0.104429
370,52.329102,-0.184001
371,52.097622,0.280002
372,52.432826,0.24076
373,52.455329,0.312827
374,52.548222,0.0861
375,52.084766,0.017683
376,52.21867,0.127902
377,52.253126,-0.120663
378,,
379,52.451343,-0.108774
380,52.186343,0.141935
381,52.125601,0.162544
382,52.437021,-0.276705
383,52.332269,0.334647
384,52.380605,-0.002891
385,52.322369,-0.069792
506,,
386,52.228352,-0.271191
387,52.296051,-0.005087
388,52.403456,-0.079271
389,52.268789,0.190645
390,52.556478,-0.129564
391,52.556478,-0.129564
392,52.314729,0.061165
393,52.664367,0.160778
394,52.516884,-0.2511
395,51.547487,-0.161984
396,51.533967,-0.137754
397,51.541185,-0.156838
398,51.563595,-0.142726
399,,
400,51.555482,-0.168233
401,51.549967,-0.140457
402,51.536369,-0.191149
403,51.533827,-0.126367
404,51.550442,-0.151224
405,51.543566,-0.153465
406,51.54236,-0.173059
407,51.550023,-0.19333
408,52.027706,-0.494873
409,52.01277,-0.262991
410,51.969305,-0.427203
411,52.08789,-0.259816
412,51.888169,-0.522069
413,52.002003,-0.49773
414,51.912049,-0.529969
415,51.915036,-0.658795
416,,
417,52.127766,-0.214049
418,52.037987,-0.335692
419,52.014851,-0.234712
420,51.948973,-0.531602
421,53.300788,-2.236534
422,53.098495,-2.310247
423,53.298258,-2.098361
424,53.163328,-2.210707
425,,
426,53.39331,-2.126633
427,53.369045,-2.216522
428,53.200508,-2.356425
429,53.265995,-2.10746
430,53.292679,-2.366411
431,53.262369,-2.125755
432,53.190207,-2.442934
433,53.068834,-2.519524
434,53.348054,-2.114227
435,53.294057,-2.148725
436,53.144969,-2.361917
437,53.324734,-2.233124
438,53.27465,-2.549091
439,53.184346,-2.864406
440,53.20197,-2.932788
441,53.192345,-2.892429
442,53.277188,-2.902518
443,53.270555,-2.819331
444,53.293151,-2.726595
445,53.197144,-2.854739
446,53.270983,-2.772342
507,,
508,,
447,53.197078,-2.873874
448,53.265914,-2.920521
449,,
450,53.28495,-2.946399
451,53.019049,-2.767336
452,53.256797,-2.973939
453,53.26222,-2.50897
454,53.234414,-2.599814
455,53.223746,-2.958366
456,53.155862,-2.658983
457,53.194621,-2.768818
458,53.134484,-2.785051
459,53.210102,-2.881216
460,53.25959,-2.574217
461,53.195983,-2.503479
462,53.292935,-3.013308
463,53.192722,-2.528759
464,51.51566,-0.0768
465,51.519853,-0.091661
466,,
467,51.516278,-0.092931
468,51.516278,-0.092931
469,51.515624,-0.106878
470,,
471,,
472,50.502725,-4.315806
473,,
474,,
475,50.210921,-5.093491
476,50.167759,-5.100983
477,,
478,,
479,,
480,,
481,50.320577,-4.962117
482,,
483,,
484,50.502725,-4.315806
485,,
486,50.341791,-4.645926
487,,
488,,
489,50.413187,-5.082062
490,,
491,51.452151,-0.941786
492,50.167759,-5.100983
493,,
494,50.346268,-5.152837
495,,
496,,
497,,
498,50.262206,-5.123057
499,,
500,50.287933,-5.077959
501,50.310225,-5.204997
502,,
510,50.265027,-5.051486
511,,
512,,
513,,
514,,
515,52.398153,-1.474711
516,52.412934,-1.555641
517,52.452315,-1.494714
518,52.434347,-1.471662
519,52.414692,-1.453236
520,52.3946,-1.559438
521,52.389024,-1.503263
522,52.417068,-1.526888
523,52.409298,-1.512844
524,52.404079,-1.534709
525,52.373048,-1.517363
526,52.426778,-1.494835
527,52.412798,-1.50111
528,52.431603,-1.51768
529,52.409638,-1.487327
530,52.40561,-1.57424
531,52.388983,-1.463939
532,51.382872,-0.063255
533,51.309387,-0.128887
534,51.385566,-0.116735
535,51.308135,-0.145915
536,51.372163,-0.099008
537,51.340466,-0.013063
538,51.405323,-0.122624
539,51.338739,-0.118502
540,51.340716,-0.082927
541,51.341983,-0.064959
542,51.375139,-0.044859
543,51.397148,-0.077611
544,51.3962,-0.10689
545,54.811978,-2.438397
546,54.429978,-2.963129
547,54.57778,-2.49191
548,54.20195,-2.834021
549,54.188587,-3.20601
550,54.763755,-3.334269
551,54.103471,-3.228178
552,54.114532,-3.231313
839,51.264224,0.565109
553,54.578302,-2.489614
554,54.942381,-2.734154
555,54.276388,-3.211191
556,54.924389,-3.050704
557,54.181413,-2.721436
558,54.895018,-2.934738
559,54.890006,-2.967273
560,54.521238,-3.516326
561,54.663729,-3.36454
562,54.369071,-3.07587
563,54.157229,-3.182079
564,54.277805,-2.454736
565,54.886884,-2.94145
566,54.597645,-3.540799
567,54.918045,-3.025188
568,54.4829,-3.528335
569,,
570,54.545634,-3.489721
571,54.453164,-3.364323
572,54.193489,-2.911496
573,54.929559,-2.656098
574,54.880603,-2.89583
575,54.536673,-3.561787
576,54.202949,-2.732904
577,54.549699,-3.589233
578,54.329777,-2.747347
579,,
580,54.202332,-2.597425
581,54.519809,-2.319139
582,54.664097,-2.752708
583,55.010359,-2.966822
584,,
585,54.210669,-3.272002
586,54.226376,-2.770592
587,54.529131,-3.580393
588,54.628166,-3.55292
589,54.887287,-2.962873
590,55.085869,-2.864603
591,54.108967,-3.218894
592,54.664097,-2.752708
593,54.874935,-2.910418
594,54.111274,-3.206082
595,54.401817,-3.47459
596,54.643569,-3.542752
597,54.323675,-2.527706
598,54.664097,-2.752708
599,54.87186,-3.385027
600,54.489505,-3.589477
601,54.434107,-2.593463
602,50.914843,-1.355726
603,54.841545,-3.054187
604,54.193588,-3.095465
605,54.874087,-2.921141
606,54.107469,-3.252042
607,54.548267,-3.584687
608,54.547674,-3.587479
609,54.824129,-3.160613
610,54.380685,-2.906785
611,54.641917,-3.549455
612,54.533776,-1.578274
613,54.526166,-1.552787
614,52.889051,-1.449582
615,52.946857,-1.493996
616,52.897229,-1.429924
617,52.896637,-1.510265
618,52.928527,-1.434783
619,52.86833,-1.437405
620,52.922429,-1.479911
621,52.930356,-1.448913
622,52.924163,-1.478165
623,52.924624,-1.476467
624,52.927412,-1.521689
625,52.904878,-1.545168
626,52.906408,-1.47773
627,52.927523,-1.435001
1696,53.18807,-0.534621
628,52.870975,-1.497285
629,52.920452,-1.404612
630,52.94604,-1.429776
631,53.096742,-1.388096
632,53.014718,-1.731746
633,53.212631,-1.67385
634,53.025734,-1.485147
635,53.228255,-1.291305
636,53.104678,-1.562388
637,53.257172,-1.395711
638,53.104678,-1.562388
639,53.104678,-1.562388
640,53.234519,-1.428271
641,53.167823,-1.423174
642,53.277827,-1.26559
643,53.263551,-1.214561
644,53.301943,-1.475044
645,53.104678,-1.562388
646,53.30921,-1.356391
647,53.104678,-1.562388
648,53.104678,-1.562388
649,53.104678,-1.562388
650,53.104678,-1.562388
651,53.104678,-1.562388
652,53.104678,-1.562388
653,53.188256,-1.353399
654,52.970109,-1.309068
655,53.324305,-1.315042
656,53.104678,-1.562388
657,53.138489,-1.549836
658,53.104678,-1.562388
659,53.104678,-1.562388
660,53.25608,-1.450663
661,53.270109,-1.425277
662,53.104678,-1.562388
663,53.050384,-1.405812
664,53.104678,-1.562388
665,53.104678,-1.562388
666,53.104678,-1.562388
667,53.108169,-1.340708
668,53.270334,-1.349942
669,53.104678,-1.562388
670,53.104678,-1.562388
673,53.202003,-1.442821
674,53.0826,-1.573066
675,53.104678,-1.562388
676,51.045659,-4.214318
677,50.515027,-3.75492
678,50.781429,-2.997452
679,50.990556,-3.487386
680,51.081322,-4.062178
681,51.011719,-4.206336
682,50.594092,-3.675606
683,51.1112,-4.161251
684,50.48037,-3.780642
685,50.631928,-3.328629
686,50.673066,-3.840265
687,50.605626,-3.601181
688,50.916115,-3.869896
689,50.756165,-3.435956
690,50.740646,-3.070187
691,51.208202,-4.123388
692,50.79138,-3.654283
693,50.854319,-3.39362
694,50.352177,-3.579064
695,50.584661,-3.459714
696,50.725629,-3.529488
697,50.621831,-3.411228
698,50.813988,-4.350754
699,50.797685,-3.187266
700,51.205163,-4.126762
701,50.38966,-3.919099
702,50.28297,-3.778394
703,50.499793,-3.579054
704,50.543144,-3.598402
705,51.229654,-3.840102
706,50.661078,-3.764217
707,50.530543,-3.6118
708,51.038674,-4.213613
709,50.73994,-4.00109
710,50.751178,-3.279352
711,50.736089,-3.477964
712,50.493452,-4.085603
713,50.235102,-3.76829
714,50.70513,-3.071643
715,50.681097,-3.238166
716,51.017979,-3.83284
717,50.716081,-3.540327
718,50.329081,-3.59743
719,50.547762,-4.147379
720,50.547067,-3.49767
721,50.901628,-3.48485
722,50.685343,-3.468487
723,50.951382,-4.143778
724,50.431049,-3.684911
725,50.908427,-3.325681
726,53.535889,-1.057876
727,53.616039,-1.150576
728,53.506814,-1.151328
729,53.434615,-1.021346
730,53.546452,-1.14734
731,53.500794,-1.086984
840,54.699861,-1.428457
1704,53.30406,-0.542909
732,53.506851,-1.076224
733,53.588871,-1.179553
734,53.478994,-1.245279
735,,
736,53.520566,-1.131634
737,53.556191,-1.069398
738,53.48095,-1.193624
739,53.576501,-1.001161
740,53.530669,-1.097068
741,53.493272,-1.291653
742,53.62971,-0.951315
743,53.473046,-1.081145
744,53.543216,-1.164621
745,53.526033,-1.156481
746,53.595658,-1.030899
747,53.613646,-0.966373
748,53.432935,-1.109363
749,53.494411,-1.182174
750,53.539971,-1.102997
751,53.56564,-1.193516
752,50.809991,-2.738493
753,50.856683,-2.163216
754,50.730117,-2.757851
755,50.703764,-2.726442
756,50.738915,-2.90089
757,50.624573,-2.500778
758,50.734658,-1.777478
759,50.808948,-1.953554
760,50.63551,-2.054348
761,50.773552,-2.016965
762,50.694527,-2.327769
763,50.716109,-2.438803
764,50.712996,-2.435619
841,,
1705,53.265014,-0.665066
765,50.807364,-1.899776
766,51.035823,-2.275914
767,50.743601,-1.697649
768,50.64879,-2.455295
769,50.72558,-2.937601
770,50.758971,-2.082124
771,50.545086,-2.434943
772,50.558952,-2.441395
773,50.747405,-2.344942
774,51.006948,-2.196049
775,50.948949,-2.513993
776,50.961555,-2.372219
777,50.931012,-2.304923
778,50.608978,-1.986958
779,50.71505,-1.987248
780,50.881603,-1.879151
781,50.685152,-2.109559
782,50.825658,-1.889263
783,50.611742,-2.454789
784,50.799684,-1.985507
785,,
786,50.594618,-2.474987
787,52.480886,-2.146675
788,52.561088,-2.082278
789,52.467903,-2.098157
790,52.502269,-2.104323
791,52.47879,-2.085103
792,52.516502,-2.130536
793,52.370178,-2.045756
794,52.501846,-2.160626
795,52.468124,-2.030984
796,52.458287,-2.113856
842,,
797,52.493146,-2.084062
798,52.500692,-2.131062
799,52.473104,-2.102066
800,52.541187,-2.128148
801,52.471857,-2.160276
802,52.496203,-2.107025
803,52.480166,-2.164922
804,54.861699,-1.742192
805,54.64852,-2.145811
806,54.774577,-1.576711
807,54.64852,-2.145811
808,55.856099,-4.40568
809,54.73393,-1.524434
810,54.750979,-1.630611
811,54.855154,-1.573975
812,51.57755,-1.311742
813,54.861699,-1.742192
814,,
815,,
816,,
817,54.777989,-1.574599
818,54.788023,-1.330505
819,54.76738,-1.710226
820,54.699861,-1.428457
821,54.76667,-1.320817
822,54.822852,-1.745688
823,54.79858,-1.67093
824,54.819419,-1.387911
825,,
826,54.799763,-1.577062
827,54.873298,-1.603423
828,54.760034,-1.338022
829,54.820456,-1.625402
830,54.836033,-1.334476
831,54.699861,-1.428457
832,54.633601,-1.647786
833,54.425411,-1.364309
834,54.861699,-1.742192
835,54.774577,-1.576711
836,54.861699,-1.742192
837,54.749648,-1.434328
838,54.699861,-1.428457
843,51.507259,-0.271192
844,51.498881,-0.133607
845,51.52981,-0.355258
846,51.510225,-0.335515
847,51.521329,-0.369301
848,51.499003,-0.314505
849,51.548954,-0.368126
850,51.539262,-0.386454
851,51.539977,-0.323889
852,51.525922,-0.313828
853,51.502467,-0.381904
854,51.508706,-0.324834
855,51.552661,-0.348362
856,53.841617,-0.434411
857,53.841617,-0.434411
858,53.841617,-0.434411
859,53.841617,-0.434411
860,53.841617,-0.434411
861,53.841617,-0.434411
862,53.841617,-0.434411
863,53.841617,-0.434411
864,53.841617,-0.434411
865,53.841617,-0.434411
866,53.841617,-0.434411
867,53.841617,-0.434411
898,50.793209,-0.005174
1706,52.354377,-1.696061
868,53.841617,-0.434411
869,53.841617,-0.434411
870,53.841617,-0.434411
871,53.841617,-0.434411
872,53.841617,-0.434411
873,53.841617,-0.434411
874,53.841617,-0.434411
875,53.841617,-0.434411
876,53.841617,-0.434411
877,53.841617,-0.434411
878,53.841617,-0.434411
879,53.841617,-0.434411
880,50.918264,0.480846
881,50.840146,0.471467
882,51.05855,0.159277
883,50.767854,0.279212
884,51.09479,0.046005
885,50.863444,0.250483
886,50.797723,0.277784
887,50.854259,0.573453
888,50.854259,0.573453
889,50.971547,0.251581
890,,
891,50.768035,0.290472
892,50.872956,0.014362
893,51.020961,0.266079
894,50.794088,0.048632
895,50.794073,0.048484
896,,
897,50.867607,0.600323
899,50.768035,0.290472
900,50.824815,0.245067
901,50.892907,0.055746
902,50.950771,0.732023
903,50.773494,0.102858
904,,
905,50.97276,0.096928
906,51.046658,0.386485
907,50.81011,0.245531
908,51.612033,-0.061738
909,51.380956,-0.411439
910,51.67665,-0.048622
911,51.623587,-0.058916
912,51.658932,-0.047336
913,51.668538,-0.017059
914,51.651705,-0.086328
915,51.61247,-0.065341
916,51.645722,-0.067237
917,51.61619,-0.078313
918,51.648836,-0.129173
919,51.672059,-0.039287
920,51.623469,-0.103752
921,51.645779,-0.046681
922,51.634102,-0.102445
923,51.628859,-0.127643
924,51.635763,-0.092014
925,51.576084,0.488736
926,51.668582,0.381898
927,51.877324,0.553392
928,51.61898,0.303168
929,51.81005,1.025699
930,51.763177,0.47345
931,51.626127,0.036897
932,51.628553,0.814205
933,51.523064,0.593431
934,51.73422,0.470745
935,51.615262,0.078903
936,51.706603,0.245097
937,51.79035,1.153586
938,51.872936,0.684952
939,51.888485,0.899719
940,51.717308,0.578553
941,51.64815,0.07382
942,51.871535,0.364397
943,51.927875,0.699536
944,51.700328,0.108655
945,51.831818,1.243763
946,51.579073,0.477588
947,51.702053,0.476419
948,51.716933,0.500139
949,51.767787,0.087806
950,51.567661,0.551252
951,51.553189,0.808393
952,51.891394,0.936914
953,51.553662,0.608381
954,51.943728,0.634339
955,51.767787,0.087806
956,51.929604,1.266382
957,51.775378,0.593215
958,51.600578,0.656266
959,51.789534,1.153035
960,51.622626,0.612726
961,51.668582,0.381898
962,51.789534,1.153035
963,51.830562,0.698938
964,51.573346,0.42138
965,51.649158,0.05899
966,51.730915,0.677156
967,51.945701,1.077743
968,51.775679,0.113937
969,51.755883,0.44724
970,51.717752,0.170168
971,51.78331,0.133976
972,51.567505,0.503541
973,51.879974,0.865065
974,51.585116,0.603751
975,51.583442,0.706197
976,52.0237,0.240821
977,51.629915,0.326616
978,51.980537,0.589935
979,51.847647,0.621995
980,51.553671,0.560226
981,51.645067,0.619854
982,51.664035,0.828743
983,51.751424,0.497587
984,51.902807,0.195991
985,51.885499,0.837804
986,51.664877,0.442297
987,51.954738,0.342211
988,51.811248,0.747061
989,51.758165,0.113203
990,51.566802,0.481151
991,51.686628,-0.000232
992,51.849209,1.271935
993,51.791768,1.118134
994,51.776681,0.911144
995,51.613149,0.518715
996,51.77685,0.673979
997,51.800567,0.641015
998,51.857574,0.95971
999,51.730444,0.426412
1000,54.896826,-1.577137
1001,54.961223,-1.718196
1002,54.918585,-1.817319
1003,54.96714,-1.786804
1004,54.950125,-1.643061
1005,54.950724,-1.570864
1006,54.951429,-1.601702
1007,54.95268,-1.603411
1697,53.222722,-0.478727
1008,54.941899,-1.637193
1009,54.930007,-1.597149
1010,54.954149,-1.544817
1011,54.920342,-1.744095
1012,54.971887,-1.763186
1013,54.955465,-1.590697
1014,54.978252,-1.61778
1015,54.953134,-1.727851
1016,54.92579,-1.57479
1017,51.692408,-2.460047
1018,51.944794,-2.059012
1019,,
1020,51.749976,-2.575668
1021,51.845507,-2.154313
1022,51.882386,-2.050364
1023,51.901464,-2.077892
1024,51.900974,-2.077777
1025,52.050652,-1.780727
1026,51.887233,-2.180989
1027,51.820979,-2.495654
1028,51.71675,-1.963499
1029,51.791092,-2.614848
1030,51.68039,-2.357582
1031,51.709116,-1.77114
1032,51.86196,-2.246024
1033,51.901757,-2.11304
1034,51.85144,-2.175815
1035,51.694023,-1.691103
1036,51.876637,-2.213645
1037,51.725925,-2.533001
1038,51.838608,-2.214143
1039,51.70604,-2.187561
1040,51.865212,-2.489179
1041,51.986142,-1.704381
1042,51.695258,-2.219108
1043,51.932604,-2.40731
1044,,
1698,53.157107,0.237771
1699,53.481002,-0.268543
1045,,
1046,51.785888,-2.194257
1047,51.914757,-2.048888
1048,51.825682,-2.276987
1049,51.743881,-2.279028
1050,51.931364,-1.726444
1051,51.747375,-2.213083
1052,51.637127,-2.162659
1053,51.996063,-2.155844
1054,51.828977,-2.258616
1055,51.884532,-2.109483
1056,51.95369,-1.969942
1057,51.637442,-2.349096
1058,51.493746,0.110152
1059,51.476949,0.021257
1060,51.479607,0.030959
1061,51.507538,0.108224
1062,51.430333,0.057265
1063,51.49423,0.076009
1064,51.451492,0.057352
1065,,
1066,51.486082,0.008551
1067,51.436449,0.068964
1068,51.486988,0.094556
1069,51.478779,0.084467
1070,51.478134,-0.014603
1071,51.48931,0.065622
1072,51.562744,-0.059841
1073,51.548294,-0.066079
1074,51.54579,-0.074419
1075,51.544346,-0.056002
1076,51.548653,-0.042114
1077,51.524357,-0.077252
1078,51.570696,-0.069542
1079,51.561268,-0.082662
1080,51.570673,-0.091836
1081,53.367555,-2.769342
1707,52.980457,-0.289799
1082,53.328993,-2.697627
1083,53.342483,-2.733347
1084,53.362173,-2.733331
1085,51.503649,-0.243237
1086,51.492587,-0.207129
1087,51.493656,-0.204346
1088,51.477115,-0.202588
1089,51.498292,-0.222417
1090,51.469005,-0.196244
1091,51.505975,-0.224111
1092,51.264806,-0.632043
1093,55.040392,-1.567696
1094,53.005644,-2.12134
1095,50.72153,-1.965936
1096,,
1097,50.951696,-1.216412
1098,53.512703,-2.267172
1099,52.186346,-1.719231
1100,50.825833,-1.168518
1101,52.943734,-1.442118
1102,51.286707,-1.094826
1103,53.550411,-2.756636
1104,50.813763,-1.147818
1105,52.204103,-3.027552
1106,52.776359,-2.376451
1107,51.482506,-2.463077
1108,52.89714,-1.18954
1109,54.591138,-1.301664
1110,50.919243,-1.819518
1111,,
1112,,
1113,51.110863,-0.769848
1114,50.848358,-0.963806
1115,50.789806,-0.986442
1116,50.963439,-0.073772
1117,50.91724,-0.985737
1118,51.446816,0.216747
1119,51.282996,-1.132108
1120,50.802631,-1.20177
1121,50.864226,-0.999729
1122,50.868691,-0.969818
1123,51.286408,0.504331
1124,,
2559,54.976621,-1.45524
1125,51.551052,-0.184781
1126,50.820782,-1.571708
1127,50.739182,-1.640775
1128,50.947373,-2.661175
1129,53.094518,-2.307828
1130,50.985971,-1.38585
1131,51.25717,-0.949919
1132,52.682468,-1.398902
1133,50.997705,-0.417221
1134,50.882402,-1.20519
1135,50.769331,-1.91936
1136,50.92421,-1.576775
1137,51.254514,-1.120522
1138,51.050244,-1.323724
1139,50.825764,-0.963082
1140,52.316563,-1.116223
1141,50.915668,-1.483483
1142,50.886503,-1.037828
1143,55.849616,-3.577359
1144,53.01651,-2.576961
1145,,
1146,51.33895,-0.817277
1147,51.613731,-3.947915
1148,51.600702,-0.068224
1149,51.668582,0.381898
1150,51.595577,-0.109953
1151,51.588181,-0.074053
1152,51.595577,-0.109953
1153,50.865252,-0.090297
1154,51.589705,-0.070846
1155,51.595577,-0.109953
1156,51.597837,-0.278979
1157,51.584233,-0.332091
1158,51.581688,-0.331789
1159,51.608476,-0.362526
1160,51.600942,-0.319805
1161,51.585195,-0.360672
1162,51.590349,-0.379818
1163,51.576279,-0.369878
1164,51.56242,-0.356186
1165,51.618464,-0.312392
1166,51.594256,-0.334769
1167,,
1168,,
1169,,
1170,,
1171,,
1172,,
1173,51.451604,-0.445147
1174,51.597607,0.152849
1175,51.552408,0.198243
1176,51.582118,0.202756
1177,51.608129,0.221279
1178,51.595274,0.234084
1179,51.565466,0.220108
1180,51.517024,0.190757
1181,51.518263,0.190194
1182,51.580075,0.179371
1183,51.53256,0.184396
1184,51.549384,0.246923
1185,52.040817,-2.739654
1186,52.189727,-2.50856
1187,52.080247,-2.358685
1188,52.055352,-2.717411
1189,52.20349,-3.02846
1190,52.041058,-2.424944
1191,52.036963,-2.424032
1192,52.361377,-2.876475
1193,52.227746,-2.739441
1194,52.040425,-2.955604
1195,51.914631,-2.580161
1196,52.158782,-2.875628
1197,51.707092,-0.416731
1198,51.756091,-0.452181
1199,51.988757,-0.187069
1200,51.75677,-0.571564
1201,51.870776,0.16189
1202,51.656056,-0.274361
1203,51.659842,-0.259697
1204,51.723076,-0.532224
1205,51.722368,-0.20247
1206,51.948583,-0.020452
1207,51.638222,-0.352048
1208,51.745909,-0.224166
1209,51.706539,-0.036566
1210,51.653596,-0.519178
1211,51.650221,-0.445898
1212,51.708034,-0.110615
1213,51.709498,-0.084522
1214,51.81565,-0.355219
1215,51.815824,-0.353808
1216,51.762077,-0.227281
1217,51.755075,-0.473571
1218,51.797355,-0.080164
1219,51.796638,-0.078551
1220,51.792051,-0.07965
1221,51.948339,-0.280698
1222,51.760483,-0.011393
1223,51.714269,-0.449402
1224,51.865756,-0.180318
1225,51.973448,-0.231771
1226,51.748256,-0.431632
1227,51.722837,-0.29958
1228,51.769894,-0.307358
1229,51.692707,-0.385094
1230,51.696438,-0.176175
1231,51.627055,-0.388684
1232,51.680104,-0.320369
1233,51.799007,-0.39745
1234,51.639127,-0.470981
1235,52.046586,-0.022199
1236,51.813227,0.154612
1237,51.75147,-0.337686
1238,51.900132,-0.200703
1239,51.911716,-0.208263
1240,51.793598,-0.661603
1241,51.685311,-0.033007
1242,51.811421,-0.033632
1243,51.671862,-0.416457
1244,51.829615,-0.213195
1245,51.805465,-0.206622
1246,51.81088,-0.193778
1247,51.811025,-0.291233
1248,51.790418,-0.177766
1249,51.507467,-0.418227
1250,51.536057,-0.428526
1251,51.580045,-0.400467
1252,51.604736,-0.482994
1253,51.49711,-0.436507
1254,51.525456,-0.421236
1255,51.509335,-0.422785
1256,51.569743,-0.410021
1257,51.578415,-0.429576
1258,51.602794,-0.408303
1259,51.612559,-0.424932
1260,,
1261,51.569743,-0.410021
1262,51.569743,-0.410021
1263,51.545613,-0.478897
1264,51.505583,-0.470049
1265,51.521248,-0.403306
1266,51.514785,-0.473748
1267,51.469196,-0.39834
1268,,
1269,51.490356,-0.315881
1270,,
1271,51.477932,-0.405061
1272,51.444148,-0.410772
1273,,
1274,51.48523,-0.376661
1275,51.468177,-0.362342
1276,51.469036,-0.328816
1277,51.482794,-0.34482
1278,50.690871,-1.090378
1279,50.643635,-1.395927
1280,50.760218,-1.298103
1281,50.754984,-1.281376
1282,50.683106,-1.520864
1283,51.598761,-2.983369
1284,50.58826,-1.286313
1285,50.730123,-1.160969
1286,50.654789,-1.152875
1287,50.627271,-1.188745
1288,50.595823,-1.202668
1289,51.566911,-0.137505
1290,,
1291,,
1292,,
1293,,
1294,,
1295,,
1296,51.970352,-0.21116
1297,,
1298,,
1299,51.490038,-0.18832
1300,51.48778,-0.167918
1301,51.523873,-0.206897
1302,51.50057,-0.195731
1303,51.516647,-0.209211
1304,51.511346,-0.197362
1305,51.289233,0.500579
1306,51.27988,1.280531
1307,51.444478,0.190951
1308,,
1309,51.434671,-0.465522
1310,51.226464,1.209376
1311,51.264224,0.565109
1312,51.377058,1.305976
1313,51.162094,0.880348
1314,51.292181,0.305972
1315,51.299021,0.947789
1316,51.360343,1.43275
1317,51.279663,1.079303
1318,51.210924,0.796067
1319,51.08807,1.141809
1320,51.382648,1.416391
1321,51.441884,0.370759
1322,51.232331,0.495833
1323,51.098101,0.535027
1324,51.443641,0.219974
1325,51.441884,0.370759
1326,51.223133,1.403248
1327,51.22568,1.201393
1328,51.212448,0.385585
1329,51.195615,0.06892
1330,51.209512,0.080961
1331,51.313469,0.892359
1332,51.435706,0.245667
1333,51.081721,1.180761
1334,51.4377,0.369055
1335,51.448224,0.277468
1336,51.224487,0.338831
1337,51.383735,0.305792
1338,51.045004,0.526323
1339,51.169457,0.621329
1340,51.371304,1.127406
1341,51.415156,0.458487
1342,51.216779,0.240747
1343,51.441884,0.370759
1344,51.069877,1.082783
1345,51.307385,0.2218
1346,51.279945,0.517483
1347,51.428297,0.375093
1348,51.304309,0.47806
1349,51.237064,0.718148
1350,51.398575,0.301492
1351,50.948842,0.906847
1352,51.127416,1.092328
1353,51.264224,0.565109
1354,51.289233,0.500579
1355,51.173782,0.496382
1356,51.387351,1.382575
1357,51.411831,0.383914
1358,51.362337,0.355363
1700,53.23651,-0.461007
1359,51.419952,0.804225
1360,51.334546,1.314055
1361,51.366762,0.304795
1362,50.986469,0.94159
1363,51.350331,1.391359
1364,51.312924,0.186437
1365,51.180771,0.388771
1366,51.143978,0.328729
1367,51.416127,0.747714
1368,51.33437,1.415942
1369,51.284785,0.169697
1370,51.418344,0.393841
1371,51.135224,0.227203
1372,51.073695,1.145096
1373,51.275333,1.339847
1374,51.288937,0.21814
1375,51.271282,0.194107
1376,51.439659,0.758908
1377,51.442105,0.75116
1378,51.253545,0.547297
1379,51.145079,0.287168
1380,51.120678,0.249055
1381,51.338962,0.734768
1382,51.329903,0.44274
1383,51.154921,0.262789
1384,51.275874,0.520902
1385,51.462101,0.497533
1386,51.13104,0.852856
1387,,
1388,51.162752,0.552848
1389,51.29946,1.122334
1390,51.426047,0.166952
1391,51.409043,0.237009
1392,51.361096,1.065659
1393,51.438797,0.315456
1394,53.061963,-2.569599
1395,51.393985,0.181038
1396,51.450083,0.227703
1397,51.067802,0.685846
1398,51.328374,0.798031
1399,51.192709,0.271464
1400,51.215802,0.281284
1401,51.132037,0.263352
1402,51.441884,0.370759
1403,51.340756,0.266259
1404,51.295174,0.40872
1405,51.279908,0.069051
1406,51.378255,1.339179
1407,51.355618,1.024473
1408,51.092289,1.185206
1409,51.182416,0.938055
1410,51.224941,0.43079
1411,53.743889,-0.406802
1412,53.755381,-0.373634
1413,53.786558,-0.322897
1414,53.753099,-0.401736
1415,53.759066,-0.284567
1416,53.732989,-0.386262
1417,53.782657,-0.372518
1418,,
1419,53.746806,-0.343539
1420,53.770867,-0.290155
1421,53.745732,-0.368016
1422,53.779224,-0.268643
1423,53.777329,-0.268084
1424,53.758016,-0.277161
1425,53.753854,-0.259115
1426,53.736025,-0.364162
1427,51.369157,-0.306149
1428,51.409409,-0.300254
1429,51.401559,-0.268212
1430,51.384426,-0.254861
1431,51.384297,-0.292176
1432,51.381302,-0.282571
1433,51.427155,-0.299092
1434,53.631208,-1.748138
1435,53.71445,-1.633746
1583,53.838905,-1.639243
1436,53.659394,-1.784635
1437,53.731406,-1.660984
1438,53.668602,-1.76753
1439,53.726541,-1.71994
1440,53.573598,-1.6531
1441,53.689305,-1.625503
1442,53.639536,-1.856077
1443,53.702538,-1.668548
1444,53.576269,-1.754525
1445,53.602197,-1.796758
1446,53.644622,-1.781745
1447,53.610511,-1.702343
1448,53.660402,-1.727626
1449,53.632751,-1.709436
1450,53.661157,-1.823819
1451,53.600702,-1.92681
1452,53.592626,-1.84663
1453,53.592019,-1.84976
1454,53.677689,-1.704492
1455,53.650672,-1.754512
1456,53.583989,-1.710535
1457,53.591613,-1.650807
1458,53.624588,-1.877645
1459,53.621554,-1.881026
1460,53.67722,-1.668972
1461,53.679214,-1.6624
1462,53.359664,-2.830722
1463,53.411121,-2.841477
1464,53.482325,-2.890661
1465,53.48121,-2.891012
1466,53.424032,-2.858938
1694,,
1467,53.428699,-2.803181
1468,53.429943,-2.804683
1469,53.435464,-2.86544
1470,53.435811,-2.865935
1471,53.416425,-2.795825
1472,51.455052,-0.11902
1473,51.453113,-0.101025
1474,51.463377,-0.133615
1475,51.488981,-0.11025
1476,51.471486,-0.10522
1477,51.431646,-0.129037
1478,51.479249,-0.123877
1479,51.419861,-0.081318
1480,51.50091,-0.113087
1481,51.498179,-0.111937
1482,51.432698,-0.10393
1483,53.751801,-2.366579
1484,53.615605,-2.599946
1485,53.743665,-2.992798
1486,53.703191,-2.200075
1487,53.730611,-2.661228
1488,53.916945,-2.186585
1489,53.849296,-2.21794
1490,54.106094,-2.790116
1491,53.812348,-2.20072
1492,53.827104,-2.233681
1493,53.787873,-2.242861
1494,53.808948,-2.242012
1495,53.601687,-2.841
1496,54.123971,-2.773155
1497,53.893354,-2.351875
1498,53.227543,-1.611427
1499,53.654533,-2.630215
1500,53.775223,-2.384067
1501,53.707352,-2.64085
1502,53.883401,-3.039748
1503,53.873664,-2.390315
1504,53.78314,-2.25931
1505,53.857268,-2.166418
1506,53.621594,-2.663254
1507,53.725149,-2.284826
1508,53.917191,-2.139866
1509,53.64514,-2.724734
1510,53.66935,-2.677225
1511,53.92563,-3.008564
1512,53.753108,-2.861013
1513,53.791866,-2.713136
1514,53.901331,-2.78034
1515,53.786026,-2.403441
1516,54.080356,-2.758238
1517,53.705135,-2.325759
1518,54.047498,-2.89257
1519,53.783061,-2.743977
1520,53.736291,-2.71897
1521,53.785397,-2.882771
1522,53.927989,-2.986173
1523,54.048684,-2.803263
1524,53.690165,-2.699827
1525,53.83068,-2.601213
1526,53.72794,-2.780287
1527,53.722013,-2.686323
1528,53.736999,-2.963042
1529,53.772161,-2.529206
1530,54.070693,-2.86939
1531,53.837158,-2.216102
1532,53.911267,-3.031074
1533,53.570347,-2.883595
1534,53.743588,-2.395695
1535,53.79713,-2.302606
1536,53.595235,-2.770079
1537,53.748345,-2.736985
1538,53.788195,-2.212601
1539,53.844034,-3.003155
1540,53.75915,-2.69828
1541,53.70063,-2.288583
1542,53.806246,-2.353359
1543,53.776723,-2.656598
1544,53.768272,-2.416717
1545,53.791259,-2.289063
1546,53.769281,-2.755021
1547,53.779649,-2.697866
1548,54.169609,-2.826023
1549,53.548214,-2.773536
1550,53.745994,-3.020217
1551,53.680033,-2.831507
1552,53.87226,-3.01235
1553,53.844983,-2.135699
1554,53.541979,-2.727469
1555,53.822876,-2.409171
1556,53.925142,-1.79698
1557,53.659526,-2.177528
1558,53.746035,-1.36823
1559,53.724348,-1.550108
1560,,
1561,,
1562,53.772233,-1.569275
1563,,
1564,53.904289,-1.345416
1565,53.809207,-1.63193
1566,52.338747,-1.852649
1567,53.807605,-1.574844
1568,,
1569,53.828784,-1.537646
1570,53.817735,-1.531756
1571,53.805906,-1.505026
1572,53.806403,-1.456574
1573,,
1574,53.753338,-1.663453
1575,53.809427,-1.673492
1576,53.789492,-1.391513
1577,53.758213,-1.628165
1578,53.875081,-1.716512
1579,53.796288,-1.469692
1580,53.820699,-1.580281
1581,53.785454,-1.560074
1582,,
1584,53.779553,-1.527538
1585,53.846624,-1.603967
1586,53.769315,-1.375808
1587,53.815762,-1.600106
1588,53.801468,-1.549067
1589,53.731381,-1.496665
1590,53.733997,-1.412573
1591,,
1592,53.803096,-1.821175
1593,53.745522,-1.599549
1594,53.826778,-1.502782
1595,53.795705,-1.49102
1596,53.904989,-1.691676
1597,53.79564,-1.663784
1598,53.785535,-1.497083
1599,53.747505,-1.477524
1600,53.825856,-1.429377
1601,53.820836,-1.461606
1602,,
1603,53.76974,-1.41557
1604,53.799769,-1.639992
1605,53.927056,-1.384816
1606,53.833502,-1.455196
1607,53.866047,-1.684553
1608,52.609325,-1.131218
1609,52.666479,-1.166733
1610,52.650895,-1.12104
1611,52.622645,-1.166184
1612,52.620837,-1.079698
1613,52.639187,-1.150743
1614,52.65236,-1.067339
1615,52.632862,-1.114488
1616,52.616568,-1.117875
1617,52.632967,-1.132175
1618,52.646542,-1.178097
1619,52.597061,-1.138376
1695,53.203879,-0.55228
1620,52.662907,-1.104406
1621,52.640253,-1.097082
1622,52.63933,-1.120527
1623,52.62149,-1.156418
1624,52.664639,-1.177587
1625,52.73394,-1.416604
1626,52.750264,-1.151818
1627,52.633119,-1.234241
1628,52.669406,-1.122129
1629,52.570296,-1.174067
1630,52.933013,-0.806191
1631,52.612573,-1.180813
1632,52.5301,-1.227943
1633,51.329542,-2.719167
1634,52.82628,-1.32975
1635,52.726764,-1.390817
1636,52.532388,-1.224484
1637,52.564581,-1.134753
1638,52.633753,-1.280118
1639,52.585039,-1.276816
1640,52.698919,-1.063578
1641,53.196879,-2.895536
1642,52.523217,-1.062939
1643,52.637646,-1.168634
1644,52.59541,-1.150627
1645,52.567565,-1.021602
1646,52.67801,-1.231725
1647,52.813254,-1.23767
1648,52.138933,-0.995688
1649,52.684887,-1.401847
1650,52.856152,-1.230586
1651,52.554511,-1.045338
1652,52.62639,-1.222458
1653,52.654105,-1.186755
1701,52.623131,-0.186059
1654,52.708524,-1.124184
1655,52.525207,-1.185797
1656,52.625399,-1.424445
1657,52.479976,-0.911485
1658,51.340408,-0.037501
1659,52.709919,-1.53661
1660,52.716803,-1.045308
1661,51.79957,-0.058601
1662,52.571911,-1.209356
1663,52.629915,-1.338767
1664,52.602584,-1.087571
1665,50.979493,0.283468
1666,52.658383,-1.231519
1667,52.705786,-1.146948
1668,52.543518,-1.277101
1669,52.792411,-1.267588
1670,52.726869,-1.110662
1671,52.584057,-1.113449
1672,52.548905,-1.277489
1673,52.712073,-1.102779
1674,52.660364,-1.084194
1675,52.594613,-1.086889
1676,51.465614,0.009469
1677,51.444841,-0.022244
1678,51.455918,-0.036097
1679,51.427073,0.009331
1680,51.435285,-0.056357
1681,51.434603,0.023529
1682,51.459243,-0.011617
1683,51.457779,0.004366
1684,51.475461,-0.038611
1685,51.48982,-0.030694
1686,51.425716,-0.046519
1687,51.477479,-0.023593
1688,51.443658,-0.001842
1689,51.477605,-0.023969
1690,54.887654,-1.600103
1691,53.21288,-0.603259
1692,53.386019,-2.601736
1693,53.220762,-0.550264
1702,52.674598,-0.313527
1708,52.803316,0.025685
1709,53.225786,-0.107151
1710,53.173661,0.276396
1711,,
1712,,
1713,53.257993,-0.511014
1714,52.897331,-0.826481
1715,53.509965,-0.06738
1716,53.359203,0.221798
1717,53.286102,-0.304026
1718,53.135089,-0.452585
1719,53.115694,-0.620464
1720,53.267539,-0.488863
1721,53.181533,-0.584653
1722,,
1723,,
1724,53.247211,-0.582698
1725,,
1726,53.157471,0.269589
1727,53.227282,-0.602329
1728,52.032068,-0.463632
1729,56.468488,-2.877983
1730,,
1731,52.641348,-0.525916
1732,51.23931,0.580389
1733,,
1734,53.705431,-2.098458
1735,53.090296,-0.215595
1736,53.172599,-0.530774
1737,53.143298,0.316191
1738,53.216129,-0.465564
1739,53.277894,-0.498785
1740,54.858588,-1.500063
1741,53.287005,-0.307765
1742,53.805463,-1.826076
1743,53.422776,-2.958301
1744,53.39723,-2.899967
1745,53.454439,-2.899225
1746,53.419452,-2.876161
1747,53.397269,-2.949727
1748,53.467711,-2.923919
1749,53.358036,-2.903642
1750,,
1751,53.41182,-2.953029
1752,53.422433,-2.914657
1753,53.390541,-2.859933
1754,,
1755,53.432113,-2.940654
1756,53.415015,-2.918012
1757,53.343758,-2.840488
1758,53.375019,-2.938985
1759,,
1760,53.391909,-2.967821
1761,53.456237,-2.958846
1762,53.399586,-2.924583
1763,53.425361,-2.929842
1764,53.373834,-2.870601
2164,53.324395,-0.941143
1765,51.884054,-0.426852
1766,51.891948,-0.459158
1767,,
1768,51.903976,-0.468404
1769,51.903315,-0.451915
1770,51.901662,-0.498664
1771,51.881177,-0.417107
1772,51.918746,-0.452194
1773,51.896467,-0.400133
1774,51.917246,-0.471464
1775,51.463161,-1.011614
1776,53.512664,-2.234469
1777,53.446354,-2.191878
1778,53.52982,-2.192621
1779,53.422769,-2.263012
1780,53.477969,-2.19671
1781,53.401595,-2.296316
1782,53.430189,-2.200417
1783,53.445201,-2.278411
1784,53.752558,-2.366325
1785,53.444269,-2.279058
1786,53.448491,-2.232955
1787,53.380538,-2.26451
1788,53.462379,-2.176651
1789,53.459994,-2.248557
1790,53.445024,-2.186997
1791,53.45781,-2.200954
1792,53.384026,-1.468809
1793,53.492383,-2.214864
1794,53.457474,-2.241449
1795,53.516619,-2.167376
1796,53.501505,-2.18292
1797,53.508959,-2.216794
1798,53.406986,-2.258567
1799,52.800652,-2.004541
1800,53.436013,-2.226335
1801,51.386745,0.524494
2560,,
1802,51.37425,0.452949
1803,51.387322,0.545475
1804,51.455125,0.714337
1805,51.349504,0.570699
1806,51.418616,0.563889
1807,51.334696,0.543706
1808,51.369001,0.548543
1809,51.36552,0.602543
1810,51.386778,0.506498
1811,51.397672,0.490849
1812,51.395665,0.49384
1813,51.363411,0.502492
1814,51.381044,0.589682
1815,51.350887,0.522835
1816,51.339662,0.526792
1817,51.3463,0.586719
1818,51.419223,-0.177068
1819,,
1820,51.408635,-0.162468
1821,51.398018,-0.199602
1822,51.399304,-0.129418
1823,51.409147,-0.228298
1824,51.394711,-0.239443
1825,51.422157,-0.208566
1826,54.547702,-1.25905
1827,54.543349,-1.21577
1828,54.543048,-1.198498
1829,54.523619,-1.240483
1830,54.529382,-1.211418
1831,54.575779,-1.245054
1832,54.560407,-1.204696
1833,54.570803,-1.211819
2561,51.521336,-0.16001
1834,54.524263,-1.216136
1835,54.564591,-1.183921
1836,51.992863,-0.727979
1837,52.036553,-0.69102
1838,52.043369,-0.759099
1839,52.086181,-0.721193
1840,52.156808,-0.701859
1841,52.056676,-0.853931
1842,52.004141,-0.794331
1843,52.011552,-0.647121
1844,52.063169,-0.807717
1845,54.994109,-1.672654
1846,54.974924,-1.610367
1847,54.966484,-1.636148
1848,54.979482,-1.672521
1849,55.048298,-1.670572
1850,54.976702,-1.577923
1851,55.014703,-1.649354
1852,54.983994,-1.652293
1853,55.011247,-1.630848
1854,54.995703,-1.586486
1855,54.993516,-1.605662
1856,55.009859,-1.649816
1857,54.976101,-1.636867
1858,55.006433,-1.685356
1859,55.004827,-1.620166
1860,54.99301,-1.699023
1861,54.96935,-1.555726
1862,54.974029,-1.659509
1863,,
1864,51.517241,0.010826
1865,51.513179,0.031753
1866,,
1867,,
1868,51.536413,0.035318
1869,51.550671,0.047046
1870,,
1871,51.49423,0.076009
1872,51.530256,0.025238
1873,51.542722,0.004344
1874,,
1875,52.640695,1.548938
1876,52.516461,1.016606
1877,52.794722,1.250902
1878,52.636098,1.448438
1879,52.624144,1.434245
1880,52.64742,1.731631
1881,52.645798,1.221596
1882,52.931592,1.297853
1883,52.678722,0.941367
1884,52.846535,0.506976
1885,,
1886,52.601956,0.374985
1887,52.626956,1.260072
1888,52.831429,0.846559
1889,52.758564,0.420169
1890,52.567231,1.722651
1891,52.60383,1.728181
1892,52.403773,1.297384
1893,52.663582,1.262193
1894,52.599128,1.182144
1895,52.580108,0.980075
1896,52.906221,1.091636
1897,52.937724,0.487898
1898,52.748557,0.402228
1899,52.534974,1.481557
1900,52.488161,1.234808
1901,52.70624,1.632938
1902,52.649613,1.280479
1903,52.879707,1.433619
1904,52.627791,1.29098
1905,52.820498,1.391392
1906,52.63529,1.321301
1907,52.569902,1.344165
1908,52.762573,1.110941
1909,52.942507,1.21254
1910,52.656227,1.316854
1911,52.637255,1.337135
1912,52.772144,1.512905
1913,52.646368,0.689643
1914,52.681489,1.196182
1915,52.412712,0.749972
1916,52.608274,1.281301
1917,52.570796,0.821279
1918,52.954353,0.852929
1919,52.631785,1.240772
1920,52.703757,1.400761
1921,52.571087,1.112658
1922,53.567471,-0.080784
1923,53.559389,-0.027342
1924,53.564097,-0.064369
1925,53.565108,-0.082206
1926,53.529046,-0.022042
1927,53.615616,-0.211296
1928,,
1929,53.543648,-0.174784
1930,53.549423,-0.10153
1931,53.537778,-0.087735
1932,53.516935,-0.098887
1933,53.568773,-0.125294
1934,53.566725,-0.643599
1935,53.683985,-0.442349
1936,53.55577,-0.651739
1977,55.020152,-1.451112
1937,53.55185,-0.491887
1938,53.566187,-0.548411
1939,53.606453,-0.83299
1940,53.524352,-0.821533
1941,53.67729,-0.333514
1942,53.489235,-0.839282
1943,53.477789,-0.589219
1944,53.52972,-0.651923
1945,53.590734,-0.642652
1946,53.593649,-0.668528
1947,53.563019,-0.665228
1948,51.541862,0.652742
1949,53.588646,-0.654413
1950,51.418742,-2.723358
1951,51.317915,-2.845841
1952,51.347405,-2.977255
1953,51.435782,-2.85512
1954,51.454513,-2.58791
1955,51.332081,-2.965811
1956,51.42817,-2.667297
1957,51.433583,-2.758806
1958,51.454513,-2.58791
1959,51.485489,-2.768231
1960,51.454513,-2.58791
1961,51.34532,-2.977342
1962,51.350076,-2.972738
1963,51.314224,-2.832548
1964,51.360385,-2.927015
1965,51.386219,-2.818215
1966,55.005537,-1.517773
1967,52.84088,1.50243
1968,55.034372,-1.436808
1969,55.056144,-1.593904
1970,55.022344,-1.565202
1971,55.00169,-1.504247
1972,55.035182,-1.564986
1973,55.012073,-1.591241
1974,55.040908,-1.468727
1975,55.010251,-1.446674
1976,55.037152,-1.510177
1978,54.991512,-1.529375
1979,54.992661,-1.529591
1980,55.042887,-1.445453
1981,55.045855,-1.448674
1982,55.047028,-1.627956
1983,53.797879,-1.041587
1984,54.290201,-1.594279
1985,54.118635,-2.508542
1986,54.004262,-1.527278
1987,54.094896,-1.395273
1988,54.376679,-1.726421
1989,54.379469,-1.687221
1990,53.90094,-1.992984
1991,,
1992,,
1993,54.277507,-0.405774
1994,,
1995,,
1996,,
1997,,
1998,54.488583,-1.134323
1999,53.991094,-1.538561
2000,54.304254,-2.198222
2001,,
2002,54.151998,-2.470551
2003,,
2004,54.008252,-1.467023
2005,54.311635,-1.832277
2006,,
2007,54.22226,-1.656017
2008,54.33638,-1.432373
2009,52.675316,-1.969757
2010,54.086331,-1.758646
2011,54.861699,-1.742192
2012,51.452752,-0.358961
2013,54.137124,-1.522063
2014,54.277507,-0.405774
2015,54.277507,-0.405774
2016,53.78522,-1.067389
2017,,
2018,,
2019,53.90094,-1.992984
2020,54.001418,-1.495319
2021,54.471673,-1.193378
2022,,
2023,54.232946,-1.340606
2024,,
2025,52.255996,-0.86465
2026,52.029963,-1.148912
2027,52.328024,-0.908203
2028,52.362915,-0.678742
2029,52.487308,-0.704451
2030,52.486629,-0.700982
2031,52.492298,-0.684233
2032,52.259476,-1.162127
2119,53.078304,-1.249538
2033,52.05169,-0.892524
2034,52.44139,-0.8209
2035,52.250775,-0.941147
2036,52.264469,-0.750673
2037,52.226147,-0.904135
2038,52.338928,-0.658336
2039,52.307478,-0.590423
2040,52.215151,-0.915968
2041,52.284998,-0.643792
2042,52.324165,-0.616675
2043,52.395885,-0.727867
2044,52.269953,-0.91322
2045,52.300115,-1.08322
2046,52.071358,-1.268914
2047,52.28853,-0.850027
2048,52.23894,-0.891616
2049,52.488471,-0.474518
2050,52.347138,-0.534247
2051,52.158668,-0.894221
2052,52.422917,-0.799997
2053,52.284195,-0.576191
2054,52.239497,-0.915625
2055,52.378636,-0.543411
2056,52.133218,-0.989065
2057,52.130933,-0.989973
2058,52.30227,-0.692755
2059,52.256684,-0.83628
2060,52.254643,-0.670923
2163,53.085522,-1.16553
2061,52.171374,-1.201064
2062,52.201296,-0.88069
2063,52.198752,-0.874536
2064,,
2065,,
2066,54.861699,-1.742192
2067,55.18067,-1.515991
2068,55.142722,-1.569728
2069,,
2070,51.466596,0.007208
2071,54.569876,-1.235982
2072,55.142722,-1.569728
2073,52.208281,0.124756
2074,55.142722,-1.569728
2075,55.142722,-1.569728
2076,55.18067,-1.515991
2077,55.142722,-1.569728
2078,,
2079,,
2080,,
2081,,
2082,,
2083,55.18067,-1.515991
2084,,
2085,55.18067,-1.515991
2086,55.18067,-1.515991
2087,55.18067,-1.515991
2088,55.051178,-1.744095
2089,,
2090,,
2091,55.577925,-1.662847
2092,,
2093,,
2094,52.93922,-1.196736
2095,,
2096,,
2097,,
2098,52.977768,-1.191173
2099,52.961584,-1.113433
2100,52.985159,-1.181888
2101,52.964959,-1.22791
2102,53.038702,-1.205483
2103,53.000762,-1.196596
2104,52.904482,-1.176394
2105,52.93922,-1.196736
2106,52.965111,-1.171887
2107,52.944657,-1.148698
2108,52.953639,-1.15177
2109,52.951377,-1.174843
2110,52.979638,-1.147066
2111,52.950377,-1.126133
2112,52.998411,-1.174232
2113,51.880978,-0.416125
2114,52.962694,-1.136099
2115,52.974114,-1.217017
2116,52.973222,-1.123991
2117,51.611613,-0.428618
2118,52.951482,-1.223052
2120,53.003475,-1.127636
2121,53.055879,-0.775525
2122,53.322609,-1.128446
2123,52.926814,-1.217333
2124,53.140851,-1.037886
2125,,
2126,53.416592,-1.050988
2127,53.100076,-1.125906
2128,52.988496,-1.034989
2129,53.037194,-1.082301
2130,52.966363,-1.10006
2131,52.96583,-1.110605
2132,53.357387,-1.120968
2133,53.163661,-1.116328
2134,53.14624,-0.760081
2135,52.911411,-1.041255
2136,53.207546,-1.001579
2137,52.837316,-1.178449
2138,53.017283,-1.301191
2139,53.025269,-1.231738
2140,53.192011,-1.063291
2141,53.103211,-1.035251
2142,53.154755,-1.15791
2143,52.981495,-1.09406
2144,52.870378,-1.203029
2145,53.038702,-1.205483
2146,53.125972,-1.280882
2147,52.9238,-1.247689
2148,53.061354,-1.336135
2149,52.87418,-1.086405
2150,52.997545,-1.257205
2151,53.099779,-1.243967
2152,53.145381,-1.21822
2153,53.3711,-1.121322
2154,53.011714,-1.004604
2155,53.147195,-1.198674
2156,53.164231,-1.193436
2157,52.985075,-1.117331
2158,53.443928,-0.847477
2159,,
2160,53.203725,-1.010991
2161,52.947862,-1.037479
2162,53.115533,-1.119483
2165,52.891747,-1.151121
2166,53.071542,-1.307666
2167,53.139429,-1.243692
2168,53.078833,-0.952671
2169,52.931134,-1.273833
2170,53.126933,-1.262504
2171,52.821633,-1.251636
2172,53.181088,-0.804829
2173,52.923548,-1.26766
2174,53.22732,-0.892127
2175,53.204313,-1.153945
2176,52.935281,-1.130891
2177,52.990253,-1.129483
2178,53.304172,-1.11912
2179,53.547609,-2.14157
2180,53.576273,-2.095695
2181,53.566674,-2.022852
2182,53.509892,-2.159994
2183,53.521524,-2.101448
2184,53.535666,-2.007038
2185,53.536777,-2.071857
2186,53.51533,-2.126774
2187,53.548217,-2.126726
2188,53.541069,-2.110496
2189,53.56647,-2.122367
2190,53.548412,-2.005742
2191,51.672145,-1.282735
2192,52.01685,-1.312098
2193,51.727019,-1.548197
2194,52.059686,-1.337072
2195,51.621039,-1.109928
2196,51.662987,-1.176361
2197,51.894768,-1.15375
2198,,
2199,51.719977,-1.200808
2200,51.751889,-1.297472
2201,51.808093,-1.636936
2202,51.758809,-1.596139
2203,51.873442,-1.483152
2204,51.702053,-0.909901
2205,51.942823,-1.5451
2206,51.737411,-1.212589
2207,51.982204,-1.32232
2208,51.606076,-1.247304
2209,51.781761,-1.374174
2210,51.658384,-1.587013
2211,51.52156,-1.13618
2212,51.609719,-1.422511
2213,51.76289,-1.209583
2214,51.539924,-0.906179
2215,51.995415,-1.483416
2216,51.723072,-1.248264
2217,51.822274,-1.288654
2218,51.723424,-1.212836
2219,52.059529,-1.354129
2220,51.785937,-1.485054
2221,51.771204,-1.236758
2222,51.751438,-1.260568
2223,51.751358,-1.262061
2224,51.752021,-1.257726
2225,51.515449,-0.980804
2226,51.854801,-1.428108
2227,51.778131,-1.26767
2228,51.745232,-0.978842
2229,51.747392,-0.976704
2230,51.600992,-1.128399
2231,51.589311,-1.423371
2232,51.645517,-1.006334
2233,51.747199,-1.138721
2234,51.786762,-1.490707
2235,51.521627,-1.095575
2236,51.848308,-1.35039
2237,51.861621,-1.618388
2238,52.589887,-0.283463
2239,52.594571,-0.230756
2240,52.611933,-0.185453
2241,52.535662,-0.26181
2242,52.539373,-0.271022
2346,,
2243,52.544529,-0.302856
2244,51.399392,-0.074091
2245,52.580008,-0.238004
2246,52.552834,-0.220642
2247,52.621018,-0.106493
2248,52.620156,-0.275188
2249,52.561976,-0.24882
2250,50.406669,-4.13166
2251,50.372113,-4.174847
2252,50.38829,-4.110141
2253,50.397912,-4.123584
2254,50.418768,-4.179138
2255,50.410636,-4.100985
2256,50.383783,-4.106761
2257,50.393016,-4.166331
2258,50.393474,-4.144884
2259,50.373183,-4.142948
2260,50.390051,-4.055533
2261,50.360041,-4.088641
2262,50.429796,-4.126123
2263,50.402713,-4.17076
2264,50.379071,-4.170256
2265,50.373387,-4.120013
2266,50.412578,-4.166734
2267,,
2268,,
2269,,
2270,,
2271,,
2272,,
2273,,
2274,,
2275,,
2276,,
2277,50.808317,-1.058389
2278,50.848389,-1.056337
2279,50.802412,-1.077525
2280,50.794969,-1.059253
2281,50.820264,-1.080078
2282,50.847419,-1.095014
2283,50.796548,-1.102025
2284,50.801803,-1.082532
2285,50.788202,-1.096082
2286,51.457126,-0.996808
2287,51.467619,-0.977269
2288,51.452151,-0.941786
2289,51.455427,-0.967599
2290,51.442881,-1.005764
2291,51.457958,-1.042089
2292,51.432914,-0.962453
2293,51.564084,0.032954
2294,51.590111,0.049837
2295,51.59268,0.084733
2296,51.577634,0.070044
2297,51.559504,0.108982
2298,51.608044,0.104125
2299,51.575238,0.121646
2300,51.558063,0.075301
2301,51.564742,0.099745
2302,51.596837,0.021927
2303,51.547976,0.072131
2304,51.576409,0.023805
2305,51.607592,0.032326
2306,54.58156,-0.975134
2307,54.606308,-1.087737
2308,54.57003,-1.142576
2562,55.009789,-1.445955
2309,54.533211,-1.06158
2310,54.605337,-1.04755
2311,54.552789,-0.886166
2312,54.597464,-1.077952
2313,54.547138,-1.178565
2314,54.616077,-1.077675
2315,54.603075,-1.076364
2316,54.582251,-0.974711
2317,54.58156,-0.975134
2318,54.570663,-1.167559
2319,51.486225,-0.232162
2320,,
2321,51.368329,-1.535857
2322,51.414435,-0.370346
2323,51.421774,-0.358939
2324,51.413725,-0.313723
2325,51.446152,-0.360271
2326,51.475722,-0.291423
2327,51.458903,-0.306633
2328,51.462743,-0.30447
2329,51.458903,-0.306633
2330,51.429994,-0.33653
2331,51.447897,-0.328017
2332,51.453167,-0.367939
2333,53.53764,-2.193604
2334,53.609714,-2.1561
2335,53.621372,-2.132702
2336,53.600095,-2.178856
2337,53.587907,-2.2408
2338,53.592865,-2.218147
2339,53.543674,-2.179696
2340,53.558902,-2.217454
2341,53.646141,-2.093367
2342,53.615412,-2.160519
2343,53.552659,-2.196632
2344,53.606297,-2.1054
2345,53.629122,-2.200646
2347,53.617515,-2.154024
2348,53.609714,-2.1561
2349,53.632152,-2.108101
2350,53.62642,-2.182127
2351,53.645681,-2.132203
2352,53.61801,-2.155107
2353,53.367215,-1.322943
2354,53.362897,-1.317038
2355,53.405905,-1.365387
2356,53.444085,-1.386232
2357,53.372466,-1.208621
2358,53.453796,-1.370321
2359,53.433447,-1.393094
2360,53.341047,-1.276157
2361,53.423149,-1.201937
2362,53.430528,-1.321947
2363,53.454422,-1.342964
2364,53.459319,-1.33944
2365,53.391786,-1.361612
2366,53.487068,-1.313354
2367,53.459721,-1.431502
2368,53.393066,-1.252931
2369,53.502622,-1.344861
2370,53.421589,-1.279337
2371,52.629753,-0.553344
2372,52.668403,-0.725326
2373,52.682814,-0.471231
2374,52.587588,-0.72057
2375,53.504545,-2.417336
2376,53.506034,-2.259559
2377,53.505866,-2.259927
2378,53.428754,-2.435476
2379,53.525113,-2.332404
2514,50.883008,-2.795877
2380,53.482639,-2.338976
2381,53.499643,-2.308702
2382,53.492481,-2.307838
2383,53.441852,-2.423917
2384,53.527026,-2.418465
2385,53.477008,-2.23165
2386,53.505272,-2.28114
2387,53.474021,-2.273368
2388,53.488038,-2.284601
2389,53.511829,-2.338689
2390,53.512298,-2.342234
2391,53.524932,-2.398518
2392,53.489643,-2.368549
2393,53.500228,-2.379626
2394,52.516715,-1.984487
2395,52.476733,-2.051236
2396,52.477309,-2.047969
2397,52.472917,-1.99838
2398,52.469365,-2.0079
2399,52.536183,-2.006441
2400,52.52066,-1.997602
2401,52.474399,-2.077893
2402,52.500289,-1.973942
2403,52.540747,-2.057135
2404,52.555644,-1.93545
2405,52.529849,-2.032335
2406,52.53523,-1.939282
2407,52.537015,-2.01122
2408,52.487328,-2.008678
2409,52.506843,-2.044774
2410,52.503243,-2.016298
2411,52.505,-2.0159
2412,52.551421,-1.988604
2413,52.493825,-2.033668
2414,52.487316,-1.963608
2415,52.544176,-1.985978
2416,52.484437,-1.98538
2417,52.529019,-2.067497
2418,52.46665,-2.070866
2419,52.55435,-2.0144
2420,53.603064,-3.034362
2421,53.472698,-2.918438
2422,53.621107,-2.979649
2423,53.450255,-2.989735
2424,53.661795,-2.965052
2425,53.484829,-3.031153
2426,53.477363,-3.023005
2427,53.553953,-3.064386
2428,53.47204,-2.999918
2429,53.50736,-2.945498
2430,53.490159,-2.977536
2431,53.466854,-2.971328
2432,53.64602,-3.009687
2433,53.378478,-1.503972
2434,,
2435,53.460845,-1.469597
2436,53.341607,-1.353395
2437,53.386785,-1.409726
2438,53.373054,-1.482353
2439,53.439144,-1.464258
2440,53.417837,-1.448374
2441,53.347446,-1.400307
2442,53.34057,-1.411299
2443,53.32478,-1.493487
2444,53.368731,-1.476468
2445,53.413352,-1.50728
2446,53.322644,-1.464444
2447,51.305699,-0.038309
2448,53.352715,-1.424963
2449,,
2450,55.858993,-4.229844
2451,53.426702,-1.485709
2452,,
2453,53.415545,-1.477075
2454,53.392569,-1.548704
2455,53.481097,-1.585704
2456,55.94379,-3.045728
2457,53.315209,-1.533459
2458,,
2459,53.393424,-1.501246
2460,53.358226,-1.370901
2461,53.344224,-1.478251
2462,52.635682,-2.277427
2463,52.674201,-2.767395
2464,52.692702,-2.965364
2465,52.534276,-2.421513
2466,52.611527,-2.483411
2467,52.537692,-2.809253
2468,52.254523,-2.266838
2469,52.444831,-2.835019
2470,52.906718,-2.900338
2471,52.904581,-3.028748
2472,52.45417,-2.389301
2473,52.73102,-2.720989
2474,52.369665,-2.718115
2475,52.906217,-2.486217
2476,52.595114,-2.558868
2477,52.860439,-3.056206
2478,52.646549,-2.882138
2479,52.7866,-2.655461
2515,51.040142,-3.550936
2563,54.932808,-1.368063
2480,52.669093,-2.372977
2481,52.711406,-2.750537
2482,52.855218,-2.727067
2483,51.879047,-0.835572
2484,51.535469,-0.630397
2485,51.506272,-0.609605
2486,51.518877,-0.631762
2487,51.484886,-0.521482
2488,51.501587,-0.555621
2489,51.509965,-0.595231
2490,51.520848,-0.580239
2491,52.384817,-1.6529
2492,52.504266,-1.762918
2493,52.479047,-1.739507
2494,52.386471,-1.834676
2495,52.50197,-1.748852
2496,52.425492,-1.700915
2497,52.444197,-1.790887
2498,52.4935,-1.749812
2499,52.38925,-1.734905
2500,52.46596,-1.747418
2501,52.437605,-1.648777
2502,52.434568,-1.801215
2503,52.406523,-1.826045
2504,52.412495,-1.829005
2505,52.502956,-1.748913
2506,52.412506,-1.782182
2507,51.060864,-3.188086
2508,51.128428,-3.001039
2509,51.113501,-2.450738
2510,51.238118,-2.996294
2511,51.089533,-2.514648
2512,50.869792,-2.963316
2513,51.275825,-2.775878
2516,51.232772,-2.320391
2517,51.148894,-2.715415
2518,51.219187,-2.974566
2519,50.924981,-2.910777
2520,51.038134,-2.828719
2521,50.975626,-2.767086
2522,50.96765,-2.461283
2523,51.205431,-3.477759
2524,51.151082,-3.157815
2525,51.089915,-3.01681
2526,51.209011,-3.595055
2527,51.032573,-3.092095
2528,51.190678,-2.546417
2529,51.055111,-2.733788
2530,50.948076,-2.810525
2531,51.105097,-2.926231
2532,50.952113,-2.617107
2533,51.013705,-3.101197
2534,51.18213,-3.329193
2535,50.977725,-3.227977
2536,51.209001,-2.648059
2537,51.161194,-3.31975
2538,51.057193,-2.409408
2539,51.042447,-3.312284
2540,50.942061,-2.633308
2541,51.535117,-2.545257
2542,51.44585,-2.483967
2543,51.538209,-2.395829
2544,51.487965,-2.501854
2545,51.488406,-2.477922
2546,51.508852,-2.573869
2547,51.448143,-2.513669
2548,51.462144,-2.501025
2549,51.531297,-2.577853
2550,51.481357,-2.504378
2551,51.607417,-2.525122
2552,51.522117,-2.504546
2553,51.540759,-2.415161
2554,54.972257,-1.43973
2555,,
2556,54.968535,-1.400242
2557,54.951224,-1.41325
2558,54.971129,-1.515574
2564,,
2565,,
2566,,
2567,,
2568,,
2569,,
2570,,
2571,,
2572,,
2573,,
2574,51.538249,0.796805
2575,51.563139,0.665493
2576,51.541862,0.652742
2577,51.534744,0.77426
2578,51.541159,0.738126
2579,51.561469,0.716916
2580,51.535621,0.770321
2581,51.545739,0.683795
2582,,
2583,,
2584,51.474079,-0.090776
2585,51.475705,-0.092059
2586,,
2587,,
2588,51.491191,-0.081661
2589,,
2590,51.501801,-0.092412
2591,,
2592,51.491119,-0.097128
2593,,
2594,,
2595,51.476721,-0.069788
2596,51.499878,-0.052443
2597,53.498684,-2.707685
2598,53.453534,-2.73477
2599,53.419252,-2.725812
2600,53.459005,-2.776137
2601,53.487801,-2.673404
2602,53.467616,-2.68496
2603,53.475243,-2.726378
2604,,
2605,53.449802,-2.706773
2606,53.453822,-2.746325
2607,53.497802,-2.78434
2608,53.413249,-2.765639
2609,53.438371,-2.759145
2610,53.05367,-2.300888
2611,52.814028,-1.637136
2612,52.791182,-2.079885
2613,53.11383,-2.177383
2614,52.969189,-2.072085
2615,52.746862,-1.929445
2616,52.676685,-2.175955
2617,52.680735,-1.927107
2618,52.803909,-1.628747
2619,52.688855,-2.03448
2620,53.002668,-2.179404
2621,52.660121,-2.037111
2622,52.659033,-2.039919
2623,52.994261,-2.228173
2624,52.627359,-2.193962
2625,52.859837,-2.25313
2626,52.621966,-1.663812
2627,,
2628,52.658067,-2.018245
2629,52.699941,-2.021829
2630,52.699941,-2.021829
2631,52.822278,-2.131539
2632,53.086274,-2.241664
2633,52.447554,-2.23016
2634,53.017074,-2.250921
2635,53.10703,-2.022894
2636,52.679496,-1.833172
2637,52.918945,-2.388802
2638,53.012369,-2.22598
2639,52.675316,-1.969757
2640,52.725688,-2.112444
2641,52.593926,-2.201358
2642,52.787506,-2.117241
2643,52.761422,-1.936018
2644,52.632662,-1.890839
2645,53.014871,-2.267871
2646,52.725271,-2.114218
2647,52.806118,-2.115601
2648,52.902281,-2.147044
2649,53.0693,-2.255762
2650,52.634655,-1.695929
2651,52.900734,-1.86624
2652,53.021686,-2.098023
2653,52.605232,-1.66549
2654,52.536023,-2.18436
2655,,
2656,53.369964,-2.161843
2657,53.420119,-2.100742
2658,53.426528,-2.132983
2659,53.394253,-2.213405
2660,53.374718,-2.188845
2661,,
2662,53.400921,-2.172907
2663,53.388433,-2.133072
2664,53.379135,-2.116103
2665,53.370319,-2.234765
2666,53.416687,-2.19071
2667,53.363779,-2.067417
2668,53.396833,-2.060356
2669,,
2670,53.43637,-2.159157
2671,53.407118,-2.160602
2672,54.596707,-1.289567
2673,54.612537,-1.290961
2674,54.521093,-1.357228
2675,54.565361,-1.354639
2676,54.514147,-1.319985
2677,54.589673,-1.311809
2678,54.570455,-1.328982
2679,54.607969,-1.289466
2680,54.587585,-1.341961
2681,54.587585,-1.341961
2712,52.454257,1.440103
2713,52.242923,0.710493
2714,52.00562,1.085162
2682,54.566765,-1.309463
2683,54.540308,-1.293636
2684,54.553772,-1.299003
2685,54.554923,-1.301526
2686,54.508684,-1.354193
2687,53.035035,-2.141806
2688,53.070985,-2.167774
2689,53.013566,-2.128917
2690,52.972504,-2.158175
2691,53.012309,-2.225891
2692,53.022241,-2.177022
2693,52.996166,-2.163089
2694,53.009831,-2.181605
2695,,
2696,,
2697,52.983673,-2.13279
2698,52.975826,-2.104992
2699,53.030295,-2.164858
2700,52.979893,-2.158247
2701,53.009831,-2.181605
2702,53.050498,-2.186014
2703,,
2704,52.970444,-2.189839
2705,53.059021,-2.207208
2706,53.037662,-2.139742
2707,53.073429,-2.186501
2708,52.155455,1.597535
2709,52.455153,1.566377
2710,52.442719,0.626191
2711,52.068977,1.140672
2715,52.045653,1.121642
2716,52.07868,0.580585
2717,52.188902,0.997712
2718,52.233754,0.914448
2719,52.320297,1.147163
2720,51.963176,1.349555
2721,52.222424,1.342241
2722,52.038288,1.180222
2723,52.090184,0.690146
2724,52.026581,0.748283
2725,52.042136,0.954842
2726,52.344946,1.501986
2727,52.082459,0.434662
2728,52.058189,1.156341
2729,52.299139,0.833346
2730,52.08949,0.487799
2731,52.061509,1.237689
2732,52.419613,1.721758
2733,52.415287,0.519629
2734,52.106177,0.793342
2735,52.207794,1.575712
2736,52.077812,0.717461
2737,52.47673,1.750144
2738,52.345274,0.518841
2739,52.151181,1.052246
2740,52.25518,0.393186
2741,52.476481,1.71367
2742,52.050934,1.181668
2743,52.216383,1.49329
2744,52.329419,1.675759
2745,52.044455,1.14839
2746,52.186568,0.998641
2747,,
2748,52.038641,0.730814
2749,52.242923,0.710493
2750,52.251383,0.692909
2751,52.149314,1.366255
3031,51.507263,-1.53205
2752,52.094119,1.316391
2753,54.929678,-1.4486
2754,54.906889,-1.382207
2755,54.865595,-1.415009
2756,54.809249,-1.438187
2757,54.870968,-1.446745
2758,54.844281,-1.50101
2759,54.931113,-1.382627
2760,54.901934,-1.36883
2761,54.821863,-1.453561
2762,54.845077,-1.472338
2763,54.902272,-1.411014
2764,54.913806,-1.376291
2765,54.871298,-1.368457
2766,54.8878,-1.428499
2767,54.866312,-1.49784
2768,54.881177,-1.407427
2769,54.917713,-1.391267
2770,54.642422,-3.543505
2771,,
2772,,
2773,51.372248,-0.485556
2774,51.246032,-0.724283
2775,51.433194,-0.463091
2776,51.314018,-0.302973
2777,51.361194,-0.693269
2778,51.32272,-0.207471
2779,51.179915,-0.318795
2780,51.278253,-0.374755
2781,51.192405,-0.557073
2782,51.338799,-0.473963
2783,51.338757,-0.74332
2784,51.287851,-0.096802
2785,51.290197,-0.079074
2838,51.377829,-0.241232
2786,51.389418,-0.506235
2787,51.328459,-0.4086
2788,51.141862,-0.491033
2789,51.387126,-0.334515
2790,51.232881,-0.331271
2791,51.432066,-0.54667
2792,51.334293,-0.266413
2793,51.370271,-0.36632
2794,51.350651,-0.2531
2795,51.362729,-0.261186
2796,51.212435,-0.805987
2797,51.303071,-0.726363
2798,51.186564,-0.609429
2799,51.236722,-0.5718
2800,51.087937,-0.728663
2801,51.376321,-0.40943
2802,51.171117,-0.162808
2803,51.27679,-0.435266
2804,51.319026,-0.615431
2805,51.294032,-0.32883
2806,51.351913,-0.665744
2807,51.17635,-0.017962
2808,51.258485,-0.145266
2809,51.402047,-0.36238
2810,51.348458,-0.503534
2811,51.307069,-0.550574
2812,51.257775,0.000089
2813,51.254381,-0.323157
2814,51.241913,-0.170734
2815,51.237011,-0.203517
2816,51.393504,-0.448665
2817,51.220305,-0.460592
2818,51.432233,-0.510502
2819,51.45213,-0.47617
2820,51.363461,-0.247474
2821,51.423879,-0.45722
2822,51.336036,-0.267382
2823,51.402246,-0.563713
2824,51.385676,-0.422187
2825,51.309933,-0.058119
2826,51.337521,-0.503086
2827,51.372295,-0.460877
2828,51.252961,-0.597904
2829,51.37214,-0.099883
2830,51.363048,-0.171625
2831,51.360528,-0.216901
2832,51.378384,-0.202585
2833,51.353332,-0.133079
2834,51.367557,-0.15688
2835,51.361627,-0.194738
2836,51.38673,-0.175885
2837,51.357436,-0.15032
2839,51.613245,-1.786391
2840,51.565017,-1.724651
2841,51.56335,-1.802431
2842,51.582943,-1.775268
2843,51.577441,-1.745993
2844,51.628913,-1.709958
2845,51.546499,-1.728811
2846,51.582408,-1.805806
2847,51.599491,-1.802953
2848,51.55059,-1.777086
2849,51.555774,-1.779718
2850,51.590665,-1.781359
2851,51.582198,-1.779546
2852,51.558826,-1.781326
2853,51.589663,-1.765059
2854,51.560317,-1.76146
2855,51.556058,-1.83779
2856,51.526587,-1.799894
2857,53.453413,-2.11334
2858,53.465514,-2.116329
2859,53.47918,-2.141141
2860,53.476512,-2.083401
2861,53.450113,-2.027556
2862,53.441619,-2.068546
2863,53.440791,-2.098628
2864,53.499983,-2.074591
2865,53.450471,-2.081735
2866,53.516772,-2.046615
2867,53.519101,-2.046274
2868,53.301001,-2.089106
2869,57.805161,-3.971738
2870,53.476238,-2.136304
2871,53.482584,-2.056138
2872,53.487615,-2.096291
2873,52.662901,-2.464637
2874,52.718031,-2.43483
2875,52.701626,-2.485604
2876,52.636525,-2.450748
2877,52.768612,-2.378481
2878,52.69551,-2.450217
2879,52.674346,-2.451236
2880,52.655832,-2.434862
2881,52.698843,-2.518572
2882,51.530458,0.250262
2883,51.510031,0.281531
2884,51.49741,0.338782
2885,51.498625,0.380964
2886,51.524763,0.448257
2887,51.48115,0.419467
2888,51.479765,0.32734
2889,51.515653,0.42694
2890,51.461699,0.365308
2891,50.394374,-3.515874
2892,50.404066,-3.564865
2893,50.434394,-3.565553
2894,50.473854,-3.535484
2895,51.527012,-0.055518
2896,51.496092,-0.011224
2897,,
2898,51.504389,-0.014139
2899,51.511724,-0.014574
2900,,
2901,51.519859,-0.057894
2902,51.523783,-0.042405
2903,53.388302,-2.347476
2904,53.450877,-2.369991
2905,53.415123,-2.348608
2906,53.455635,-2.35966
2907,53.458331,-2.292675
2908,53.377571,-2.34271
2909,53.453681,-2.331555
2910,53.461148,-2.271909
2911,53.416707,-2.425327
2912,53.425359,-2.319495
2913,53.446183,-2.310537
2914,53.398301,-2.316342
2915,53.455282,-2.293468
2916,53.449832,-2.354186
2917,53.455039,-2.393504
2918,53.641849,-1.342733
2919,53.723466,-1.345968
2920,53.708129,-1.43625
2921,53.726035,-1.352351
2922,53.655427,-1.427774
2923,53.677186,-1.358352
2924,53.684696,-1.512102
2925,53.623986,-1.404247
2926,53.612483,-1.35301
2927,53.662076,-1.564213
2928,53.643503,-1.512064
2929,53.63632,-1.379585
2930,53.691688,-1.308648
2931,53.649457,-1.597698
2932,53.699521,-1.421824
2933,53.67547,-1.573574
2934,53.707244,-1.506736
2935,53.691717,-1.312396
2936,53.667798,-1.486038
2937,53.594992,-1.290784
2938,53.68599,-1.298287
2939,53.713949,-1.47693
2940,53.616304,-1.275311
2941,53.685544,-1.512274
2942,53.682358,-1.5031
2943,53.684271,-1.502976
2944,53.650055,-1.46098
2945,52.604031,-1.915589
2946,52.601335,-2.008623
2947,52.616836,-1.985509
2948,52.615934,-2.005367
2949,52.652991,-1.94274
2950,52.553217,-2.02498
2951,52.610928,-2.040761
2952,52.629785,-1.968023
3030,51.414871,-1.517869
2953,52.556608,-1.904555
2954,52.575584,-2.008908
2955,52.608583,-1.960602
2956,52.566829,-1.979749
2957,52.580096,-1.891695
2958,52.586312,-1.97877
2959,52.630204,-1.932318
2960,52.584018,-2.050699
2961,51.607554,-0.003815
2962,51.558174,0.006438
2963,51.597766,-0.026303
2964,51.5705,-0.024179
2965,51.565872,-0.010476
2966,51.568235,0.009113
2967,51.630812,0.000541
2968,51.616601,-0.017808
2969,51.583287,-0.02667
2970,51.590493,-0.022505
2971,,
2972,,
2973,51.475007,-0.152311
2974,,
2975,,
2976,,
2977,,
2978,51.445294,-0.206004
2979,,
2980,,
2981,,
2982,53.416169,-2.529197
2983,53.430429,-2.654079
2984,53.456044,-2.514804
2985,53.370539,-2.575595
2986,53.38614,-2.633955
2987,53.381823,-2.481932
2988,53.405082,-2.592726
2989,53.411053,-2.559106
2990,53.38638,-2.656257
2991,53.37281,-2.576949
2992,53.386659,-2.599091
2993,53.409153,-2.636743
2994,53.40037,-2.537028
2995,52.215239,-1.87409
2996,52.578329,-1.550399
2997,52.580854,-1.599929
2998,52.4749,-1.492161
2999,52.478245,-1.471659
3000,52.167781,-1.859409
3001,52.394477,-1.420605
3002,52.520489,-1.465382
3003,52.531814,-1.499867
3004,52.496789,-1.706805
3005,52.604972,-1.615391
3006,,
3007,52.285191,-1.520079
3008,52.541463,-1.520567
3009,52.293257,-1.779668
3010,52.343473,-1.580377
3011,52.453356,-1.53282
3012,52.155786,-1.510704
3013,51.81731,-0.813702
3014,52.285191,-1.520079
3015,52.285191,-1.520079
3016,52.520489,-1.465382
3017,52.619345,-1.614911
3018,52.370878,-1.265032
3019,52.060655,-1.622814
3020,52.250505,-1.389719
3021,52.520489,-1.465382
3022,52.19173,-1.708298
3023,52.272767,-1.896562
3024,52.282316,-1.584927
3025,52.517061,-1.741802
3026,52.282316,-1.584927
3027,52.285191,-1.520079
3028,52.375359,-1.397854
3029,51.397438,-1.064805
3032,51.377251,-1.064449
3033,51.401778,-1.321436
3034,51.483715,-1.085006
3035,51.400491,-1.232537
3036,51.43577,-1.083996
3037,51.376929,-1.348278
3038,50.834663,-0.485478
3039,50.852871,-0.559913
3040,51.023268,-0.45484
3041,50.787244,-0.673711
3042,,
3043,50.824542,-0.361694
3044,50.954469,-0.128701
3045,50.838204,-0.781519
3046,51.106015,-0.18297
3047,50.835434,-0.405832
3048,51.1239,-0.010327
3049,53.758054,-2.695054
3050,50.815159,-0.447295
3051,50.849391,-0.396462
3052,50.814654,-0.423628
3053,50.922947,-0.135183
3054,51.001703,-0.108304
3055,50.92974,-0.272459
3056,51.062223,-0.332212
3057,50.933658,-0.174538
3058,50.82831,-0.325083
3059,50.807756,-0.537458
3060,50.973226,-0.765353
3061,50.985608,-0.608797
3062,50.957452,-0.502381
3063,50.809101,-0.507166
3064,50.735492,-0.791624
3065,50.833304,-0.274076
3066,50.84774,-0.909839
3067,51.024674,-0.35067
3068,50.835473,-0.236014
3069,50.889204,-0.327216
3070,50.919303,-0.454777
3071,50.779614,-0.719851
3072,50.767743,-0.87095
3073,50.813477,-0.377918
3074,51.51025,-0.128048
3075,51.523203,-0.170366
3076,51.497475,-0.130671
3077,51.523703,-0.176638
3078,51.525195,-0.188544
3079,51.52065,-0.150696
3080,51.509365,-0.15114
3081,51.517217,-0.188133
3082,51.487932,-0.140104
3083,51.523614,-0.199812
3084,51.499509,-0.103458
3085,51.533549,-0.172305
3086,51.491773,-0.148075
3087,53.506689,-2.592724
3088,53.48348,-2.626886
3089,53.569374,-2.585972
3090,53.529827,-2.486764
3091,53.559304,-2.653239
3092,53.476094,-2.583393
3093,53.532702,-2.541047
3094,53.52206,-2.654988
3095,53.541176,-2.607921
3096,53.538504,-2.679946
3097,53.504351,-2.518103
3098,53.550812,-2.667163
3099,53.519296,-2.598347
3100,53.580294,-2.685731
3101,53.576187,-2.673162
3102,53.515901,-2.474208
3103,53.562215,-2.630459
3104,51.477426,-1.617572
3105,51.171751,-1.778452
3106,51.416295,-2.255126
3107,51.345286,-2.24774
3108,51.505946,-1.966907
3109,51.456951,-2.114741
3110,51.433872,-2.19444
3111,51.432483,-2.194255
3112,51.640692,-1.856356
3113,51.351048,-1.991488
3114,50.993176,-1.744801
3115,51.198001,-1.771701
3116,51.211198,-1.491923
3117,51.461514,-2.119516
3118,51.583259,-2.09667
3119,51.288446,-1.975941
3120,51.418718,-1.733986
3121,51.375109,-2.134805
3122,51.090014,-2.270775
3123,51.239377,-1.79031
3124,51.339459,-1.767886
3125,51.588294,-1.866721
3126,51.441915,-1.609492
3127,51.543109,-1.904709
3128,51.069737,-1.797033
3129,51.237317,-1.660636
3130,51.064299,-2.081222
3131,51.315957,-2.209533
3132,51.319664,-2.208853
3133,51.318095,-2.210681
3134,51.205313,-2.180049
3135,51.261772,-2.183824
3136,51.078755,-1.865198
3137,51.463732,-2.110388
3138,51.411028,-0.677639
3139,51.520313,-0.744585
3140,,
3141,51.491657,-0.70705
3142,51.395089,-0.636354
3143,51.497261,-0.764716
3144,,
3145,51.556896,-0.727837
3146,51.508729,-0.755914
3147,51.483069,-0.576671
3148,51.479497,-0.644033
3149,51.489803,-0.609576
3150,51.496998,-0.635948
3151,51.522655,-0.718124
3152,51.459296,-0.580493
3153,51.402232,-0.65595
3154,51.480708,-0.607812
3155,53.349881,-3.00514
3156,53.395643,-3.083522
3157,53.376316,-3.032977
3158,53.328116,-2.978108
3159,53.308116,-2.968958
3160,53.384965,-3.100992
3161,53.327148,-3.097271
3162,53.353725,-3.018469
3163,53.393761,-3.175954
3164,53.342837,-3.110822
3165,53.416838,-3.107322
3166,53.405163,-3.113742
3167,,
3168,53.342957,-3.093914
3169,53.367667,-3.056884
3170,53.382929,-3.080706
3171,53.365322,-3.014327
3172,53.416671,-3.034194
3173,53.399852,-3.051728
3174,51.794213,-0.886728
3175,53.428924,-3.045395
3176,53.425316,-3.063503
3177,53.373406,-3.179262
3178,53.37628,-3.082207
3179,51.454265,-0.97813
3180,51.393714,-0.904805
3181,51.380305,-0.860215
3182,51.425675,-0.932434
3183,51.437481,-0.924562
3184,51.395212,-0.973993
3185,51.48007,-0.862769
3186,51.454265,-0.97813
3187,51.428089,-0.879365
3188,51.408786,-0.835586
3189,51.454028,-0.901769
3190,52.586973,-2.12882
3191,52.586973,-2.12882
3192,,
3193,52.572839,-2.12784
3194,52.619054,-2.116942
3195,52.581123,-2.094614
3196,52.578909,-2.176055
3197,52.610149,-2.082093
3198,52.615561,-2.116247
3199,52.623567,-2.144636
3200,52.567712,-2.145927
3201,52.561273,-2.115444
3202,52.598358,-2.166831
3203,52.569465,-2.166869
3204,52.599314,-2.083819
3205,52.598266,-2.084183
3206,52.594146,-2.142753
3207,52.583118,-2.125081
3208,52.355013,-1.96253
3209,52.375773,-2.315197
3210,52.037607,-1.856213
3211,52.335586,-2.056913
3212,52.335586,-2.056913
3213,52.361197,-2.061087
3214,52.266891,-2.149903
3215,52.093438,-1.945224
3216,52.420883,-2.143441
3217,52.385218,-2.248406
3218,52.115565,-2.326907
3219,52.230459,-2.368172
3220,52.070844,-2.115153
3221,52.306385,-1.94016
3222,52.39255,-2.022542
3223,52.339686,-2.282173
3224,52.343723,-2.278019
3225,52.311907,-2.593698
3226,52.061292,-2.216542
3227,52.058893,-2.301302
3228,52.287328,-1.915381
3229,52.196553,-2.222817
3230,52.18875,-2.235914
3231,52.207673,-2.192215
3232,52.193824,-2.224984
3233,52.390467,-1.878581
3234,52.193824,-2.224984
3235,,
3236,53.921403,-1.097624
3237,53.968541,-1.094994
3238,53.913771,-1.142053
3239,53.935873,-1.110456
3240,53.966101,-0.981056
3241,53.93809,-1.066572
3242,,
3243,53.995441,-1.055081
3244,53.99048,-1.071956
3245,53.978361,-1.15205
3246,53.948869,-1.082683
3247,54.039856,-1.035697
3248,53.960204,-1.054572
3249,53.961295,-1.086026
